,,,,,,,,
PROVINCE,PHYSICAL TOWN,PHYSICAL SUBURB,PHYSICAL ADDRESS,PRACTICE NAME,PRACTICE TYPE,PRACTICE TYPE DESCRIPTION,PRACTICE  NUMBER,CONTACT NUMBER
NORTH WEST,BRITS,BRITS,62A KERK STREET 0250,BRITS SUBAKUUT HOSPITAAL,49,SUB ACUTE FACILITIES,1027131,0122527043
NORTH WEST,BRITS,BRITS,8 KERK STREET 0250,MEDICLINIC BRITS,58,HOSPITALS - PRIVATE,5808723,0214101211
NORTH WEST,HARTBEESPOORT,MEERHOF,7 CLOISTER STREET 0216,FREEMAN HOUSE RECOVERY,47,DRUG AND ALCOHOL REHABILITATION,0995797,0782522868
NORTH WEST,KLERKSDORP,KLERKSDORP,94 BISHOP DESMOND TUTU STREET 2571,PARKMED NEURO CLINIC,55,MENTAL HEALTH INSTITUTIONS,5500176,0184623072
NORTH WEST,KLERKSDORP,KLERKSDORP,CNR ARCHBISHOP DESMOND TUTU & PRESIDENT KRUGER STREET 2571,SANPARK ALCOHOL & DURG CENTRE,47,DRUG AND ALCOHOL REHABILITATION,0047449,0184624568
NORTH WEST,KLERKSDORP,WILKOPPIES,CNR DR YUSUF DADOO AVENUE & HARTLEY STREET 2571,ANNCRON CLINIC,57,HOSPITALS - PRIVATE,5700159,0184680000
NORTH WEST,KLERKSDORP,WILKOPPIES,12 VAN RYNVELD STREET 2571,DALESIDE DAY HOSPITAL,77,CLINICS - DAY SURGERY,0993867,0184641009
NORTH WEST,KLERKSDORP,WILKOPPIES,12 VAN RYNVELD STREET 2571,SUNNINGDALE HOSPITAL,57,HOSPITALS - PRIVATE,5706696,0184627536
NORTH WEST,KLERKSDORP,WILKOPPIES,CNT AMETIS AND MARMER STREET 2571,WILMED PARK HOSPITAL,58,HOSPITALS - PRIVATE,5808812,0184687700
NORTH WEST,MAFIKENG,MAFIKENG,VICTORIA PRIVATE HOSPITAL VICTORIA ROAD 2745,VICTORIA PRIVATE HOSPITAL,58,HOSPITALS - PRIVATE,0223891,0183977300
NORTH WEST,MMABATHO,MMABATHO,UNIT 4 2465 HECTOR PIETERSON AVENUE 2790,KGATELOPELE WELLNESS CENTRE,55,MENTAL HEALTH INSTITUTIONS,0710024,0183842631
NORTH WEST,POTCHEFSTROOM,KANONIERSPARK,66 MEYER STREET 2531,MEDICLINIC POTCHEFSTROOM,58,HOSPITALS - PRIVATE,5808057,0182937000
NORTH WEST,POTCHEFSTROOM,POTCHEFSTROOM,1 ALBERT LUTHULI DRIVE 2531,M-CARE  POTCHEFSTROOM,49,SUB ACUTE FACILITIES,0090077,0182933785
NORTH WEST,POTCHEFSTROOM,POTCHEFSTROOM,CNR HENNIE BINGLE & AMETIS STREET 2531,M-CARE AMETHYST,55,MENTAL HEALTH INSTITUTIONS,0993417,0182933785
NORTH WEST,POTCHEFSTROOM,POTCHEFSTROOM,1 CHIEF ALBERT LUTHULI DRIVE 2531,MOOIMED PRIVATE HOSPITAL,57,HOSPITALS - PRIVATE,0259470,0182930802
NORTH WEST,RUSTENBURG,HARTBEESPOORT,28 BEETHOVEN STREET 0216,BEETHHOVEN RECOVERY CENTRE,55,MENTAL HEALTH INSTITUTIONS,0628093,0122539922
NORTH WEST,RUSTENBURG,HARTBEESPOORT,28 BEETHOVEN STREET 0216,BEETHOVEN RECOVERY CENTRE,47,DRUG AND ALCOHOL REHABILITATION,0494674,0872307856
NORTH WEST,RUSTENBURG,RUSTENBURG,PLOT 152 RIETVLY 0299,HOPE HILL REHABILITATION CENTRE,47,DRUG AND ALCOHOL REHABILITATION,0987468,0760232574
NORTH WEST,RUSTENBURG,RUSTENBURG,173 BEYERS NAUDE DRIVE 0299,PEGLERAE HOSPITAL,58,HOSPITALS - PRIVATE,5808359,0145949500
NORTH WEST,RUSTENBURG,RUSTENBURG,156 KRUGER STREET 0299,RUSTENBURG MEDICAL REHABILITATION CLINIC,55,MENTAL HEALTH INSTITUTIONS,1167448,0145945345
NORTH WEST,RUSTENBURG,RUSTENBURG,51 UNIE STREET 0299,WHITE HOUSE SOBER CLINIC,47,DRUG AND ALCOHOL REHABILITATION,0917702,0725964599
NORTH WEST,VRYBURG,VRYBURG,67 MOLOPO STREET 8601,VRYBURG PRIVATE HOSPITAL HOLDCO (PTY) LTD,57,HOSPITALS - PRIVATE,0909181,0539283000
NORTHERN CAPE,HARTSWATER,HARTSWATER,11 VERWOERD STREET 8570,JANE KEYSER PRIVATE HOSPTAL,57,HOSPITALS - PRIVATE,0455997,0534742016
NORTHERN CAPE,HARTSWATER,HARTSWATER,28 HERTZOG STREET 8570,MEDI-HARTS DAY CLINIC,77,CLINICS - DAY SURGERY,0602604,0534740157
NORTHERN CAPE,KATHU,KATHU,MEDICAL CENTRE FRIKKIE MEYER DRIVE 8446,LENMED HEALTH KATHU PRIVATE HOSPITAL,57,HOSPITALS - PRIVATE,0580619,0537233231
NORTHERN CAPE,KIMBERLEY,KIMBERLEY,R31 PROVINCIAL ROAD 8301,CARELINE CLINIC,55,MENTAL HEALTH INSTITUTIONS,0601691,0530300012
NORTHERN CAPE,KIMBERLEY,KIMBERLEY,R31 PROVINCIAL ROAD 8301,CARELINE CLINIC (PTY)LTD,47,DRUG AND ALCOHOL REHABILITATION,0731633,0530300014
NORTHERN CAPE,KIMBERLEY,KIMBERLEY,136 DU TOITSPAN ROAD 8301,KIM-MED PRIVATE HOSPITAL (PTY) LTD,59,PRIVATE REHAB HOSPITAL (ACUTE),0777145,0538077100
NORTHERN CAPE,KIMBERLEY,KIMBERLEY,136 DU TOITSPAN ROAD 8301,KIM-MED PRIVATE HOSPITAL (PTY) LTD - MENTAL HEALTH INSTITUTE,55,MENTAL HEALTH INSTITUTIONS,0785288,0538077100
NORTHERN CAPE,KIMBERLEY,KIMBERLEY,177 DU TOITSPAN ROAD 8301,MEDICLINIC KIMBERLEY,58,HOSPITALS - PRIVATE,5808049,0538381111
NORTHERN CAPE,KIMBERLEY,ROYLDENE,3 CNR WELGEVONDEN STREET & JACOBUS SMITH AVENUE 8301,ROYAL HOSPITAL AND HEART CENTRE,58,HOSPITALS - PRIVATE,0761761,0530450350
NORTHERN CAPE,UPINGTON,UPINGTON,13 DU TOIT STREET 8801,KALAHARI MEDICROSS KALAHARI CATARACT AND EYE CENTRE,77,CLINICS - DAY SURGERY,0693723,0543323989
NORTHERN CAPE,UPINGTON,UPINGTON,CNR 4TH AVENUE & DU TOIT STREET 8801,MEDICLINIC UPINGTON,58,HOSPITALS - PRIVATE,5808804,0543388900
NORTHERN CAPE,WARRENTON,JAN KEMPDORP,13 CHURCH STREET 8550,HUIS ANDALUSIA,49,SUB ACUTE FACILITIES,0651176,0534560284
WESTERN CAPE,BELLVILLE,LOEVENSTEIN,TIJGER CLINIC 267 UYS KRIGE STREET 7530,TIJGER CLINIC,55,MENTAL HEALTH INSTITUTIONS,0062251,0219137142
WESTERN CAPE,BELLVILLE,TYGER VALLEY,TYGER VALLEY HEALTH CENTRE 43 OLD OAK ROAD 7530,INTERCARE SUB-ACUTE HOSPITAL TYGER VALLEY (PTY) LTD,49,SUB ACUTE FACILITIES,0267791,0219439800
WESTERN CAPE,BLOUBERGRANT,WEST BEACH,WESTPORT SQUARE SANDOWN ROAD 7441,WEST BEACH CLINIC,55,MENTAL HEALTH INSTITUTIONS,0651109,0210010560
WESTERN CAPE,BLOUBERGSTRAND,THE RIDGE,7137 WESTPORT SQUARE SANDOWN ROAD 7441,SPESCARE BLAAUWBERG,49,SUB ACUTE FACILITIES,0879371,0213003039
WESTERN CAPE,BRACKENFELL,VREDEKLOOF HEIGHTS,ERF 27 2 KOORSBOOM CRESCENT 7560,CAPE GATE NEURO CLINIC,55,MENTAL HEALTH INSTITUTIONS,0615838,0219822726
WESTERN CAPE,CAPE TOWN,BELLVILLE,7 BROADWAY STREET 7530,MEDICLINIC LOUIS LEIPOLDT,58,HOSPITALS - PRIVATE,5806860,0219576069
WESTERN CAPE,CAPE TOWN,BELLVILLE,CNR VOORTREKKER ROAD & AJ WEST STREET 7530,MELOMED BELLVILLE HOSPITAL,58,HOSPITALS - PRIVATE,5802881,0219488131
WESTERN CAPE,CAPE TOWN,BRACKENFELL,CNR OKAVANGO ROAD & TANNER STREET 7560,MEDICLINIC -CAPE GATE,58,HOSPITALS - PRIVATE,0366714,0219835600
WESTERN CAPE,CAPE TOWN,BRACKENFELL,CNR OKAVANGO ROAD & TANNER STREET 7560,MEDICLINIC CAPE GATE DAY CLINIC,77,CLINICS - DAY SURGERY,0908363,0219836000
WESTERN CAPE,CAPE TOWN,CAPE TOWN,"MERIENDALE TERRACE SPORT PIENAAR ROAD, NEWLANDS 7700",LIFE SPORT SCIENCE,77,CLINICS - DAY SURGERY,0331570,0215065103
WESTERN CAPE,CAPE TOWN,CLAREMONT,WILDERNESS ROAD 7708,KINGSBURY HOSPITAL,58,HOSPITALS - PRIVATE,5808480,0216803700
WESTERN CAPE,CAPE TOWN,CLAREMONT,148 IMAM HARON ROAD 7708,MELOMED PRIVATE CLINIC (PTY) LTD,55,MENTAL HEALTH INSTITUTIONS,0556866,0216830540
WESTERN CAPE,CAPE TOWN,CLAREMONT,LIFE KINGSBURY MEDICAL SUITES WILDERNESS ROAD 7708,PENINSULA EYE HOSPITAL,57,HOSPITALS - PRIVATE,0664227,0216704316
WESTERN CAPE,CAPE TOWN,DURBANVILLE,3 SOMERSET STREET 7550,ADVANCED DURBANVILLE SURGICAL CENTRE,77,CLINICS - DAY SURGERY,0596884,0152915221
WESTERN CAPE,CAPE TOWN,DURBANVILLE,UNIT 11B MEDI HOUSE WELLINGTON ROAD 7550,DURBANVILLE SLEEP LABORATORY,49,SUB ACUTE FACILITIES,0371572,0215512262
WESTERN CAPE,CAPE TOWN,DURBANVILLE,45 WELLINGTON ROAD 7550,MEDICLINIC DURBANVILLE,58,HOSPITALS - PRIVATE,5808766,0219802327
WESTERN CAPE,CAPE TOWN,DURBANVILLE,45 WELLINGTON ROAD 7550,MEDICLINIC DURBANVILLE DAY HOSPITAL,77,CLINICS - DAY SURGERY,0592781,0219802100
WESTERN CAPE,CAPE TOWN,DURBANVILLE,THE NEWHAVEN DURBANVILLE 7 NEWHAVEN ROAD 7550,THE NEWHAVEN DURBANVILLE (PTY) LTD,55,MENTAL HEALTH INSTITUTIONS,0675245,0210100813
WESTERN CAPE,CAPE TOWN,GATESVILLE,CLINIC STREET 7760,MELOMED GATESVILLE,58,HOSPITALS - PRIVATE,5808103,0216378100
WESTERN CAPE,CAPE TOWN,HOUT BAY,7 VALLEY ROAD 7806,HARMONY ADDICTION AND PSYCHIATRIC CLINIC,55,MENTAL HEALTH INSTITUTIONS,0548197,0217907779
WESTERN CAPE,CAPE TOWN,KENILWORTH,32 KENILWORTH ROAD 7708,AKESO KENILWORTH CLINIC,55,MENTAL HEALTH INSTITUTIONS,5500117,0870980452
WESTERN CAPE,CAPE TOWN,KENILWORTH,25 GIBSON ROAD 7708,SAFEHAVEN T/A IXANDE,47,DRUG AND ALCOHOL REHABILITATION,0681237,0217617348
WESTERN CAPE,CAPE TOWN,KENILWORTH,25 GIBSON ROAD 7708,SAFEHAVEN T/A IXANDE,55,MENTAL HEALTH INSTITUTIONS,0919640,0217617348
WESTERN CAPE,CAPE TOWN,KHAYELITSHA,SHOP 6 THEMBANI SHOPING CENTRE CNR LANSDOWNE & CAPITAL DRIVE 7784,THEMBANI THEATRES,77,CLINICS - DAY SURGERY,0624160,0213871166
WESTERN CAPE,CAPE TOWN,MILNERTON,MILPARK CENTRE CNR KOEBERG ROAD & IXIA STREET 7441,AKESO SPECIALISED PSYCHIATRIC CLINIC- MILNERTON,55,MENTAL HEALTH INSTITUTIONS,0607053,0870980101
WESTERN CAPE,CAPE TOWN,MILNERTON,CNR RACECOURSE & KOEBERG ROAD 7441,MEDICLINIC MILNERTON,58,HOSPITALS - PRIVATE,5808669,0215299000
WESTERN CAPE,CAPE TOWN,MITCHELLS PLAIN,TOWN CENTRE SYMPHONY WALK 7785,MITCHELLS PLAIN MEDICAL CENTRE,58,HOSPITALS - PRIVATE,5807948,0213923126
WESTERN CAPE,CAPE TOWN,MUIZENBERG,SUNRISE BOULEVARD 7945,EVERGREEN SUB-ACUTE MUIZENBERG,49,SUB ACUTE FACILITIES,1019651,0217023200
WESTERN CAPE,CAPE TOWN,NEWLANDS,5TH FLOOR SPORTS SCIENCE INSTITUTE BOUNDARY ROAD 7700,NURTURE NEWLANDS,49,SUB ACUTE FACILITIES,0533580,0216850292
WESTERN CAPE,CAPE TOWN,ORANJEZICHT,21 HOF STREET 8001,MEDICLINIC CAPE TOWN,58,HOSPITALS - PRIVATE,5808995,0214645500
WESTERN CAPE,CAPE TOWN,PINELANDS,OUDE MOLEN ECO VILLAGE  VALKENBERG ESTATE ALEXANDER ROAD 7405,ROBIN TRUST,49,SUB ACUTE FACILITIES,0486094,0214471565
WESTERN CAPE,CAPE TOWN,PINELANDS,ALEXANDRA ROAD 7405,VINCENT PALLOTTI HOSPITAL,55,LIFE HEALTHCARE MENTAL HEALTH,1073656,0215065100
WESTERN CAPE,CAPE TOWN,PINELANDS,ALEXANDRA ROAD 7405,VINCENT PALLOTTI HOSPITAL,58,HOSPITALS - PRIVATE,5801443,0215065124
WESTERN CAPE,CAPE TOWN,PINELANDS,GROUND FLOOR THE PARK PARK ROAD 7405,VINCENT PALLOTTI REHABILITATION CENTRE,59,PRIVATE REHAB HOSPITAL (ACUTE),0437514,0215065360
WESTERN CAPE,CAPE TOWN,PLUMSTEAD,BURNHAM ROAD 7800,MEDICLINIC CONSTANTIABERG,58,HOSPITALS - PRIVATE,5807999,0217992616
WESTERN CAPE,CAPE TOWN,PLUMSTEAD,5 TIVERTON ROAD 7800,THARAGAY MANOR,47,DRUG AND ALCOHOL REHABILITATION,0728861,0514101666
WESTERN CAPE,CAPE TOWN,PLUMSTEAD,5 TIVERTON ROAD 7801,THE CEDARS TREATMENT FACILITIES,47,DRUG AND ALCOHOL REHABILITATION,0943495,0514101666
WESTERN CAPE,CAPE TOWN,RONDEBOSCH,PERBRO HOUSE 85 KLIPFONTEIN ROAD 7770,RONDEBOSCH MEDICAL CENTRE,58,HOSPITALS - PRIVATE,0441279,0216805920
WESTERN CAPE,CAPE TOWN,SEA POINT,4 QUENDON ROAD 8005,SENSO HEALTH,49,SUB ACUTE FACILITIES,1032356,0824152274
WESTERN CAPE,CAPE TOWN,TOKAI,CNR VANS & WINDSOR ROAD 7945,FAIRCAPE HEALTH TOKAI,49,SUB ACUTE FACILITIES,0680958,0218155700
WESTERN CAPE,CAPE TOWN,TOKAI,CNR KEYSERS & MAIN ROAD 7945,MELOMED TOKAI,58,HOSPITALS - PRIVATE,0635243,0217647500
WESTERN CAPE,CAPE TOWN,WYNBERG,BROAD ROAD MEDI CENTRE 7700,SUMMIT CLINIC  (PTY) LTD,55,MENTAL HEALTH INSTITUTIONS,0670782,0216591100
WESTERN CAPE,CLAREMONT,BISHOPSCOURT EST,BISHOPSCOURT 7 MONTROSE AVENUE 7708,MONTROSE MANOR,55,MENTAL HEALTH INSTITUTIONS,0481564,0217979270
WESTERN CAPE,DURBANVILLE,ROSENPARK,BLOCK A BELVEDERE OFFICE PARK PASITA STREET 7750,TYGER VALLEY CLINIC,55,MENTAL HEALTH INSTITUTIONS,0498289,0219747660
WESTERN CAPE,FISH HOEK,KOMMETJIE,CNR MAIN & VAN IMHOFF WAY 7975,STEPPING STONES CLINIC (PTY) LTD,55,MENTAL HEALTH INSTITUTIONS,5500206,0217834230
WESTERN CAPE,FISH HOEK,SUN VALLEY,CNR SILVERMINE ROAD & PADDOCK DRIVE 7975,FAIRCARE HEALTH T/A NOORDHOEK MANOR HEALTHCARE,49,SUB ACUTE FACILITIES,0359467,0218155700
WESTERN CAPE,GEORGE,GEORGE,15 WINDSOR STREET 6529,AKESO CLINICS - GEORGE,55,MENTAL HEALTH INSTITUTIONS,0615021,0448050128
WESTERN CAPE,GEORGE,GEORGE,GROENKLOOF RETIREMENT VILLAGE GROENKLOOF AVENUE 6530,GROENKLOOF GEORGE CARE UNIT,49,SUB ACUTE FACILITIES,1090658,0448100801
WESTERN CAPE,GEORGE,GEORGE,7 VARING AVENUE 6529,MEDICLINIC GENEVA,57,HOSPITALS - PRIVATE,5709059,0448032000
WESTERN CAPE,GEORGE,GEORGE,CNR GLOUCESTER LANE & YORK STREET 6529,MEDICLINIC GEORGE,58,HOSPITALS - PRIVATE,5807905,0448032000
WESTERN CAPE,GEORGE,GEORGE,BERGVILLE RETIREMENT VILLAGE 8TH AVENUE 6529,SPESCARE GEORGE,49,SUB ACUTE FACILITIES,0773034,0448014198
WESTERN CAPE,GOODWOOD,N1 CITY,GROUND FLOOR BURNSIDE BUILDING SYFRED DOUGLAS STREET 7460,CLARO CLINIC,55,MENTAL HEALTH INSTITUTIONS,0164496,0215958500
WESTERN CAPE,GOODWOOD,N1 CITY,GROUND FLOOR N1 HOUSE NEELS BOTHMA STREET 7460,NURTURE CAPE VIEW,49,SUB ACUTE FACILITIES,0510580,0215951327
WESTERN CAPE,HERMANUS,HERMANUS,CNR RAVENSCROFT ROAD & HOSPITAL STREET 7200,MEDICLINIC HERMANUS,57,HOSPITALS - PRIVATE,5709091,0283130168
WESTERN CAPE,HERMANUS,HERMANUS,HERMANUS MEDICAL VILLAGE CNR DE GOEDE & CHURCH STREET 7200,SPESCARE HERMANUS,49,SUB ACUTE FACILITIES,0681482,0283122780
WESTERN CAPE,HERMANUS,ONRUS RIVER,27 CHANTECLAIR AVENUE 7201,ONRUS MANOR HEALTH CARE CENTRE,49,SUB ACUTE FACILITIES,0221856,0283165001
WESTERN CAPE,KLEINMOND,KLEINMOND,BOTRIVER ROAD 7195,KOGELPARK CLINIC,49,SUB ACUTE FACILITIES,0153486,0282713994
WESTERN CAPE,KNYSNA,KNYSNA,HUNTERS ESTATE HUNTERS ESTATE DRIVE 6571,KNYSNA PRIVATE HOSPITAL,58,HOSPITALS - PRIVATE,5808960,0443841083
WESTERN CAPE,LANSDOWNE,TURFHALL PARK,575 LANSDOWNE ROAD 7780,NEW JOURNEY TREATMENT CENTRE,47,DRUG AND ALCOHOL REHABILITATION,0828998,0724311104
WESTERN CAPE,LUTZVILLE,LUTZVILLE,FARM 1411 8165,NAMAQUA TREATMENT CENTRE(PTY) LTD,47,DRUG AND ALCOHOL REHABILITATION,0359386,0272134506
WESTERN CAPE,MILNERTON,CENTURY CITY,CENTRAL PARK BUILDING 5 ON PARK LANE 7441,INTERCARE DAY HOSPITAL,77,CLINICS - DAY SURGERY,0597783,0213688885
WESTERN CAPE,MILNERTON,CENTURY CITY,7 CENTURY WAY 7441,OASIS CARE CENTRE,49,SUB ACUTE FACILITIES,0472670,0215287301
WESTERN CAPE,MOSSEL BAY,GROOTBRAKRIVIER,SANDHOOGTE ROAD 6525,GROENKLOOF SECURITY VILLAGE,49,SUB ACUTE FACILITIES,0300829,0446203624
WESTERN CAPE,MOSSEL BAY,MOSSEL BAY,CNR ALHOF DRIVE & RYK TULBACH STREET 6506,BAYVIEW HOSPITAL,58,HOSPITALS - PRIVATE,5808790,0446913718
WESTERN CAPE,MOSSEL BAY,MOSSEL BAY,ALHOF DRIVE 6506,VIDAMED SUB ACUTE HOSPITAL,49,SUB ACUTE FACILITIES,0609595,0446903402
WESTERN CAPE,OUDTSHOORN,OUDTSHOORN,PO BOX 1045 6625,MEDICLINIC KLEIN KAROO,58,HOSPITALS - PRIVATE,5808928,0442720111
WESTERN CAPE,PAARL,PAARL,GROENLEEGTE VILLAGE 11 CAMARQUE STREET 7646,CARE CURE PAARL,49,SUB ACUTE FACILITIES,0111287,0218728594
WESTERN CAPE,PAARL,PAARL,1 PINE STREET SOUTHERN PAARL 7646,DE OUDE RENBAAN SUB-ACUTE CLINIC,49,SUB ACUTE FACILITIES,0110337,0218632202
WESTERN CAPE,PAARL,PAARL,BERLYN STREET 7646,MEDICLINIC PAARL,58,HOSPITALS - PRIVATE,5808251,0218078000
WESTERN CAPE,PAARL,PAARL,CNR COLIGNY & PLEIN STREET 7646,SERENO CLINIC,55,MENTAL HEALTH INSTITUTIONS,0213055,0218726955
WESTERN CAPE,PAARL,PAARL,62 CNR OPTENHORST & BERLYN STREET 7646,SPESCARE PAARL,49,SUB ACUTE FACILITIES,0674761,0218711249
WESTERN CAPE,PAARL,SIMONDIUM,BLOEMENDAL FARM R45 7670,BLOEMENDAL CLINIC,55,MENTAL HEALTH INSTITUTIONS,0815837,0218633399
WESTERN CAPE,PAROW,PANORAMA,2ND FLOOR PANORAMA HEALTHCARE CENTRE CNR ROTHSCHILD BOULEVARD & HENNIE WINTERBACH STREET 7500,ADVANCED PANORAMA SURGICAL CENTRE (PTY) LTD,77,CLINICS - DAY SURGERY,0615005,0219113555
WESTERN CAPE,PAROW,PANORAMA,MEDICLINIC PANORAMA 1 ROTHSCHILD BOULEVARD 7500,MEDICLINIC PANORAMA,58,HOSPITALS - PRIVATE,5807913,0219382111
WESTERN CAPE,PAROW,PAROW EAST,54 TONER STREET 7500,RAMOT CENTRE FOR ALCOHOL AND DRUG ABUSE,47,DRUG AND ALCOHOL REHABILITATION,0051233,0219392033
WESTERN CAPE,PLETTENBERG BAY,HARKERVILLE,N2 HIGHWAY 6604,TYM TRADE CC T/A THE HAVEN ADDICTION RECOVERY CENTRE,47,DRUG AND ALCOHOL REHABILITATION,0514705,0445327929
WESTERN CAPE,PLETTENBERG BAY,PLETTENBERG BAY,MULLER STREET 6600,MEDICLINIC PLETTENBERG BAY,58,HOSPITALS - PRIVATE,0283207,0445015100
WESTERN CAPE,PLETTENBERG BAY,PLETTENBERG BAY,119 LONGSHIPS DRIVE 6600,OASIS ADDICTIONS RECOVERY AND COUNSELLING CENTRE PTY LTD,47,DRUG AND ALCOHOL REHABILITATION,0739960,0445331752
WESTERN CAPE,PLETTENBERG BAY,PLETTENBERG BAY,95 LONGSHIPS DRIVE 6600,TWIN RIVERS ADDICTION RECOVERY CENTRE,47,DRUG AND ALCOHOL REHABILITATION,0448850,0445336821
WESTERN CAPE,RETREAT,KIRSTENHOF,CNR SEA BREEZE & POLLSMOOR ROAD 7945,FAIRCARE HEALTH (PTY) LTD T/A CLE DU CAP,49,SUB ACUTE FACILITIES,0475254,0218155700
WESTERN CAPE,RIVERSDAL,STILBAAI,FYNBOS LEEFSTYLE LANDGOED THYS VISSIE ROAD 6674,CAREWELL SUB-ACUTE HOSPITAL,49,SUB ACUTE FACILITIES,0531642,0287541044
WESTERN CAPE,ROBERTSON,ROBERTSON,10 JOHAN DE JONGRY LANE 6705,CAREWELL ROBERTSON SUB-ACUTE,49,SUB ACUTE FACILITIES,0916617,0280502266
WESTERN CAPE,SOMERSET WEST,FIRGROVE,RUSTENBURG FARM WINERY ROAD 7130,RUSTENBURG ADDICTION CARE,47,DRUG AND ALCOHOL REHABILITATION,0599492,0879432293
WESTERN CAPE,SOMERSET WEST,PAARDEVLEI,4 GARDNER WILLIAMS AVENUE 7130,PAARDEVLEI PRIVATE HOSPITAL,58,HOSPITALS - PRIVATE,0584509,0218406600
WESTERN CAPE,SOMERSET WEST,SOMERSET WEST,1 ANDRIES PRETORIUS STREET 7130,BRIDGEWATER MANOR PRIVATE HEALTHCARE CENTRE T/A FAIRCARE TRUST,49,SUB ACUTE FACILITIES,0731234,0218155700
WESTERN CAPE,SOMERSET WEST,SOMERSET WEST,BAKKERSKLOOF ROAD 7130,HELDERBERG VILLAGE,49,SUB ACUTE FACILITIES,0178608,0218558300
WESTERN CAPE,SOMERSET WEST,SOMERSET WEST,HERITAGE PARK HAZELDEN DRIVE 7130,HERITAGE MANOR - (SOMERSET WEST),49,SUB ACUTE FACILITIES,0285684,0218155700
WESTERN CAPE,SOMERSET WEST,SOMERSET WEST,MAIN ROAD 7130,MEDICINIC VERGELEGEN DAY CLINIC,77,CLINICS - DAY SURGERY,0992178,0218509000
WESTERN CAPE,SOMERSET WEST,SOMERSET WEST,MAIN ROAD 7130,MEDICLINIC VERGELEGEN,58,HOSPITALS - PRIVATE,5808030,0218509000
WESTERN CAPE,SOMERSET WEST,SOMERSET WEST,RUSTENBURG FARM WINERY ROAD 7130,RUSTENBURG ADDICTION CARE PTY LTD,55,MENTAL HEALTH INSTITUTIONS,0753009,0879432293
WESTERN CAPE,STELLENBOSCH,DIE BOORD,P O BOX 12687 7600,MEDICLINIC WINELANDS ORTHOPAEDIC HOSPITAL,57,HOSPITALS - PRIVATE,0819409,0329453897
WESTERN CAPE,STELLENBOSCH,KYLEMORE,HELSHOOGTE ROAD 7600,OPTIMA RUSTENVREDE,55,MENTAL HEALTH INSTITUTIONS,0739367,0125675358
WESTERN CAPE,STELLENBOSCH,STELLENBOSCH,CNR OLD PAARL & KLIPHEUWEL ROAD 7599,HESKETH KING TREATMENT CENTRE,47,DRUG AND ALCOHOL REHABILITATION,0185876,0218844600
WESTERN CAPE,STELLENBOSCH,STELLENBOSCH,MEDICLINIC CORPORATE OFFICE 7600,MEDICLINIC CRESCENT MENTAL HEALTH SERVICES (PTY) LTD,47,DRUG AND ALCOHOL REHABILITATION,1042238,0217627666
WESTERN CAPE,STELLENBOSCH,STELLENBOSCH,MEDICLINIC CORPORATE OFFICE 7600,MEDICLINIC CRESCENT MENTAL HEALTH SERVICES (PTY) LTD,55,MENTAL HEALTH INSTITUTIONS,1041983,0217627666
WESTERN CAPE,STELLENBOSCH,STELLENBOSCH,CNR SAFFRAAN & ROKEWOOD AVENUE 7600,MEDICLINIC STELLENBOSCH,58,HOSPITALS - PRIVATE,5808405,0218838571
WESTERN CAPE,STELLENBOSCH,STELLENBOSCH,CNR R44 & ELSIE DU TOIT DRIVE 7600,MEDICLINIC STELLENBOSCH DAY CLINIC,77,CLINICS - DAY SURGERY,0809608,0218612000
WESTERN CAPE,STELLENBOSCH,STELLENBOSCH,SAFFRAAN & ROKEWOOD AVENUE DIE BOORD 7600,MEDICLINIC WINELANDS DAY CLINIC,77,CLINICS - DAY SURGERY,0953296,0218616300
WESTERN CAPE,STELLENBOSCH,STELLENBOSCH,JONKERSVIEW MEDICAL CENTRE 12 JAN CILLIERS STREET 7600,SPESCARE STELLENBOSCH,49,SUB ACUTE FACILITIES,0772380,0213003039
WESTERN CAPE,STELLENBOSCH,STELLENBOSCH,12 JAN CILLIERS STREET 7599,SPESCARE STELLENBOSCH,59,PRIVATE REHAB HOSPITAL (ACUTE),1032151,0213005400
WESTERN CAPE,STRAND,STRAND,2 FIJNBOS CLOSE 7599,SPESCARE STELLENBOSCH,55,MENTAL HEALTH INSTITUTIONS,0518581,0515527950
WESTERN CAPE,STRAND,STRAND,2 CNR FIJNBOS CLOSE & ALTENA ROAD 7140,SPESCARE HELDERCARE SUB-ACUTE,49,SUB ACUTE FACILITIES,0133922,0832767595
WESTERN CAPE,TABLE VIEW,FLAMINGOVLEI,19A PENTZ DRIVE 7441,PALM TREE CLINIC PTY LTD,55,MENTAL HEALTH INSTITUTIONS,0493317,0215568080
WESTERN CAPE,VREDENBURG,VREDENBURG,22 VOORTREKKER STREET 7380,WEST COAST PRIVATE HOSPITAL,58,HOSPITALS - PRIVATE,5808979,0227191030
WESTERN CAPE,VREDENDAL,VELDDRIF,4 CHURCH STREET 6850,GRACE MEDICAL CENTRE,49,SUB ACUTE FACILITIES,0995215,0879442000
WESTERN CAPE,WORCESTER,RIVER VIEW,TOEVLUG REHABILITATION CENTRE 40 NOBLE STREET 6850,TOEVLUG REHABILITATION CENTRE,47,DRUG AND ALCOHOL REHABILITATION,0043583,0233421162
WESTERN CAPE,WORCESTER,WORCESTER,"C/O FAIRBARN AND RUSSEL STREETS, WORCESTER 6850",ADVANCED WORCESTER SURGICAL CLINIC,77,CLINICS - DAY SURGERY,0627798,0238800201
WESTERN CAPE,WORCESTER,WORCESTER,67 FAIRBAIRN STREET 6850,MEDICLINIC WORCESTER,58,HOSPITALS - PRIVATE,5808006,0233481500
WESTERN CAPE,WORCESTER,WORCESTER,C/O 2 DURBAN ROAD AND COMBRINK STREET 6850,NURTURE WORCESTER SUB-ACUTE,49,SUB ACUTE FACILITIES,1176315,0233020100
WESTERN CAPE,WORCESTER,WORCESTER,PINES CLINIC 42 CNR CHURCH & FAIRBAIRN STREET 6850,PINES CLINIC,55,MENTAL HEALTH INSTITUTIONS,0031976,0233423113
MPUMALANGA,EMALAHLENI,NKANGALA,27 PRINSBERG ROAD 1034,BREAKTHROUGH WELLNESS CENTRE,47,DRUG AND ALCOHOL REHABILITATION,1136437,0608811312
MPUMALANGA,EMALAHLENI,WITBANK,CNR OR TAMBO ROAD & BEATTY AVENUE 1034,COSMOS HOSPITAL,58,HOSPITALS - PRIVATE,5807980,0136558006
MPUMALANGA,EMALAHLENI,WITBANK,1ST FLOOR HIGHVELD EYE HOSPITAL 4 LANA STREET 1034,HIGHVELD SUB-ACUTE SERVICES (PTY) LTD,49,SUB ACUTE FACILITIES,0538213,0136584084
MPUMALANGA,ERMELO,ERMELO,MEDICLINIC ERMELO 25 MEL MENTZ STREET 2351,MEDICLINIC ERMELO,58,HOSPITALS - PRIVATE,5808863,0219436000
MPUMALANGA,MIDDELBURG,MIDDELBURG,CNR OR TAMBO & JOUBERT STREET 1055,MIDDELBURG PRIVATE HOSPITAL,58,HOSPITALS - PRIVATE,5808243,0132838700
MPUMALANGA,NELSPRUIT,BARBERTON,12 PILGRIMS STREET 1300,BARBERTON RECOVERY CENTRE,47,DRUG AND ALCOHOL REHABILITATION,1061836,0722540628
MPUMALANGA,NELSPRUIT,BARBERTON,CNR SHEBA ROAD & HAVELOCK STREET 1300,RH PHODICLINIC,57,HOSPITALS - PRIVATE,0765325,0100072171
MPUMALANGA,NELSPRUIT,NELSPRUIT,KIAAT RIDGE BOULEVARD 1201,AKESO CLINICS-NELSPRUIT (PTY) LTD,55,MENTAL HEALTH INSTITUTIONS,0691429,0870980460
MPUMALANGA,NELSPRUIT,NELSPRUIT,ROOM G08 LOWVELD HOSPITAL 10 ROTHERY STREET 1201,LOWVELD HOSPITAL,57,HOSPITALS - PRIVATE,0463345,0137527576
MPUMALANGA,NELSPRUIT,NELSPRUIT,WEST ACRES 32 ORANGE STREET 1201,M-CARE NELSPRUIT,49,SUB ACUTE FACILITIES,0109630,0137411530
MPUMALANGA,NELSPRUIT,NELSPRUIT,THE REST ROAD 1201,NELSPRUIT BATELEUR ADULT LIFESTYLE ESTATE,49,SUB ACUTE FACILITIES,1017349,0137445540
MPUMALANGA,NELSPRUIT,SCHAGEN,258 BLYFSTANBOSCHSPRUIT HOUTBOSLOOP 1207,HEALING WINGS SOUTH AFRICA,47,DRUG AND ALCOHOL REHABILITATION,0380091,0767812720
MPUMALANGA,NELSPRUIT,SONHEUWEL,1 LOUISE STREET 1201,MEDICLINIC NELSPRUIT,58,HOSPITALS - PRIVATE,5808340,0137590742
MPUMALANGA,NELSPRUIT,SONHEUWEL,1 LOUISE STREET 1201,MEDICLINIC NELSPRUIT DAY CLINIC,77,CLINICS - DAY SURGERY,0867446,0137590501
MPUMALANGA,NELSPRUIT,WHITE RIVER,160 JATINGA ROAD 1240,WHITE RIVER MANOR,47,DRUG AND ALCOHOL REHABILITATION,0632074,0135901786
MPUMALANGA,PIET RETIEF,PIET RETIEF,6 MANSOOR ROAD 2380,RH PIET RETIEF PRIVATE HOSPITAL (PTY) LTD,57,HOSPITALS - PRIVATE,0812218,0100037630
MPUMALANGA,SABIE,SABIE,3 RAAMSAAG STREET 1260,PACE RECOVERY CENTRE (PTY)LTD,47,DRUG AND ALCOHOL REHABILITATION,0721476,0812467452
MPUMALANGA,SECUNDA,TRICHARDT,MEDICLINIC HIGHVELD BARNEY MOLOKWANE STREET 2300,MEDICLINIC HIGHVELD,58,HOSPITALS - PRIVATE,5807956,0176388223
MPUMALANGA,STANDERTON,STANDERTON,11 PRINCESS STREET 2430,MAR-PEH MEDICARE,49,SUB ACUTE FACILITIES,0084646,0177126219
MPUMALANGA,WITBANK,WITBANK,4 LANA STREET 1035,HIGHVELD EYE HOSPITAL,77,CLINICS - DAY SURGERY,0516643,0136584040
LIMPOPO,ELLISRAS,ONVERWACHT,CNR DOUWATER ROAD & JOE SLOVO LANE 0557,MEDICLINC LEPHALALE,57,HOSPITALS - PRIVATE,5708125,0147682380
LIMPOPO,LOUIS TRICHARDT,LOUIS TRICHARDT,83 GROBLER STREET 0920,QUALITY CARE PRIVATE HOSPITAL,57,HOSPITALS - PRIVATE,0492094,0155165439
LIMPOPO,MAKHADO,LOUIS TRICHARDT,47 JOUBERT STREET 0920,CRESTCARE ZOUTPANSBERG MEDICAL CENTRE,57,HOSPITALS - PRIVATE,0253871,0155160720
LIMPOPO,POLOKWANE,LEBOWAKGOMO,"NO 2760, ZONE B 0699",HLABIRWA REHABILITATION CLINIC,47,DRUG AND ALCOHOL REHABILITATION,1152793,0645190653
LIMPOPO,POLOKWANE,LEBOWAKGOMO,JANE FURSE ROAD 0737,MEDLEB,57,HOSPITALS - PRIVATE,0751065,0870872886
LIMPOPO,POLOKWANE,POLOKWANE,70 PLEIN STREET 0699,MEDICLINIC  LIMPOPO DAY CLINIC,77,CLINICS - DAY SURGERY,0603120,0152309400
LIMPOPO,POLOKWANE,POLOKWANE,53 PLEIN STREET 0699,MEDICLINIC LIMPOPO,58,HOSPITALS - PRIVATE,5808189,0152903600
LIMPOPO,POLOKWANE,POLOKWANE,CNR COLLEGE AVENUE & DORP STREET 0699,THEUNIS FICHARDT HOSPITUIM,49,SUB ACUTE FACILITIES,0957402,0152971268
LIMPOPO,POLOKWANE,POLOKWANE,67 BURGER STREET 0699,UNICARE ANIX,49,SUB ACUTE FACILITIES,0269026,0152952192
LIMPOPO,THABAZIMBI,THABAZIMBI,173 VAN DER BIJL STREET 0387,MEDICLINIC THABAZIMBI,57,HOSPITALS - PRIVATE,5709202,0147772097
LIMPOPO,THOHOYANDOU,THOHOYANDOU,R524 THOHOYANDOU-J 0950,MVELEDZO DAY HOSPITAL,77,CLINICS - DAY SURGERY,1171593,0150079003
LIMPOPO,TZANEEN,TZANEEN,R 71 WOLKBERG AVENUE 0850,MEDICLINIC TZANEEN,57,HOSPITALS - PRIVATE,0132454,0153066850
KWAZULU-NATAL,BEREA,BULWER,148 MAZISI KUNENE ROAD 4001,ENTABENI HOSPITAL,58,HOSPITALS - PRIVATE,5801982,0312041300
KWAZULU-NATAL,BEREA,BULWER,148 MAZISI KUNENE ROAD 4001,ENTABENI REHABILITATION HOSPITAL,59,PRIVATE REHAB HOSPITAL (ACUTE),0163163,0112199650
KWAZULU-NATAL,BEREA,BULWER,82 MAZISI KUNENE ROAD 4001,LIFE CARE - ST JOSEPHS HOSPITAL,55,MENTAL HEALTH INSTITUTIONS,1056875,0312041470
KWAZULU-NATAL,CHATSWORTH,CROFTDENE,10 EQUALITY AVENUE 4092,CHATSWORTH CHESHIRE REHABILITATION CENTRE,49,SUB ACUTE FACILITIES,0392030,0314011661
KWAZULU-NATAL,DUNDEE,DUNDEE,58 ANNE STREET 3000,TALANA STEPDOWN FACILITY,49,SUB ACUTE FACILITIES,0216755,0342182092
KWAZULU-NATAL,DURBAN,BEREA,124 JB MARKS ROAD 4083,GLENMARKS CLINIC,55,MENTAL HEALTH INSTITUTIONS,1146378,0318247192
KWAZULU-NATAL,DURBAN,BEREA,185 VAUSE ROAD 4001,SANCA DURBAN ALCOHOL & DRUG CENTRES,47,DRUG AND ALCOHOL REHABILITATION,0101125,0313032202
KWAZULU-NATAL,DURBAN,CHATSWORTH,80 WOODHURST DRIVE 4092,CHATSMED GARDEN HOSPITAL,58,HOSPITALS - PRIVATE,5808219,0314598000
KWAZULU-NATAL,DURBAN,DURBAN,83 ISMAIL C MEER STREET 4001,CITY HOSPITAL LTD,58,HOSPITALS - PRIVATE,5808367,0313143253
KWAZULU-NATAL,DURBAN,DURBAN,501 DURDOC CENTRE 460 ANTON LAMBEDE STREET 4000,DURDOC PRIVATE HOSPITAL,57,HOSPITALS - PRIVATE,1126407,0313275100
KWAZULU-NATAL,DURBAN,DURBAN,9TH FLOOR DURDOC CENTER 460 ANTON LEMBEDE STREET 4001,DURDOC SANCTUARY HOSPITAL,49,SUB ACUTE FACILITIES,0763691,0310010147
KWAZULU-NATAL,DURBAN,DURBAN,5 RIVERHORSE PLACE RIVERHORSE VALLEY 4001,ITHEKU WELLNESS HOSPITAL,55,MENTAL HEALTH INSTITUTIONS,1140752,0827860612
KWAZULU-NATAL,DURBAN,DURBAN,RIVERHORSE VALLEY BUSINESS CENTRE 11 QUEEN NANDI DRIVE 4001,LENMED ETHEKWINI HOSPITAL AND HEART CENTRE (PTY) LTD,58,HOSPITALS - PRIVATE,0305251,0315812400
KWAZULU-NATAL,DURBAN,DURBAN,460 ANTON LEMBEDE STREET 4001,SANCTUARY HOSPITAL,55,MENTAL HEALTH INSTITUTIONS,1036394,0313011188
KWAZULU-NATAL,DURBAN,DURBAN,103 BLACKBURN ROAD PARK HILL 4051,"ZENZAI TREATMENT, RECOVERY AND WELLNESS CENTRE",47,DRUG AND ALCOHOL REHABILITATION,1109685,0844887861
KWAZULU-NATAL,DURBAN,GLENWOOD,1 EXMOUTH AVENUE 4001,ASSISTED RECOVERY AFRICA (PTY)LTD,47,DRUG AND ALCOHOL REHABILITATION,0481572,0312615515
KWAZULU-NATAL,DURBAN,GLENWOOD,370 CLARK ROAD 4001,RIBUMED GLENWOOD DAY HOSPITAL,77,CLINICS - DAY SURGERY,0833193,0319137021
KWAZULU-NATAL,DURBAN,GREYVILLE,3 ASCOT STREET 4001,CITY HOSPITAL LTD T/A ASCOT PARK HOSPITAL,57,HOSPITALS - PRIVATE,0272914,0313143248
KWAZULU-NATAL,DURBAN,MEREBANK,23-25 PUNJAB CIRCLE 4052,SERENITY ADDICTION TREATMENT UNIT,47,DRUG AND ALCOHOL REHABILITATION,0056634,0314627026
KWAZULU-NATAL,DURBAN,MUSGRAVE,97 WINDMILL ROAD 4001,CHOOSELIFE SPECIALIST RECOVERY CENTRE,47,DRUG AND ALCOHOL REHABILITATION,0771422,0514101666
KWAZULU-NATAL,DURBAN,OVERPORT,1ST FLOOR 38 SOUTH ROAD 4091,DURBAN EYE HOSPITAL,77,CLINICS - DAY SURGERY,0683019,0312071538
KWAZULU-NATAL,DURBAN,OVERPORT,2ND FLOOR 38 SOUTH ROAD 4091,HUMANA HEALTHCARE,49,SUB ACUTE FACILITIES,0683132,0314927000
KWAZULU-NATAL,DURBAN,PARLOCK,19 CARDEN CRESCENT 4037,SUN SHIV 108 (PTY) LTD T/A ZENZAI WELLNESS,55,MENTAL HEALTH INSTITUTIONS,1262807,0312059585
KWAZULU-NATAL,DURBAN,PHOENIX,163-179 REDBERRY ROAD 4068,MOUNT EDGECOMBE HOSPITAL,57,HOSPITALS - PRIVATE,5708664,0315374000
KWAZULU-NATAL,DURBAN,SYDENHAM,482 RANDLES ROAD 4091,LENMED HEALTH SHIFA HOSPITAL,58,HOSPITALS - PRIVATE,5808464,0312405000
KWAZULU-NATAL,DURBAN NORTH,MOUNT MORIAH,32 - 34 COLUMBINE PLACE 4051,ALLIANCE CARE - UMHLANGA,49,SUB ACUTE FACILITIES,0655384,0315693808
KWAZULU-NATAL,HAMMARSDALE,INCHANGA,2 INCHANGA DRIVE 3670,HEALING HILLS HOSPITAL (PTY) LTD,55,MENTAL HEALTH INSTITUTIONS,0486779,0317834272
KWAZULU-NATAL,HILLCREST,ASSAGAY,471 KASSIER ROAD 3610,HILLCREST PRIVATE HOSPITAL,58,HOSPITALS - PRIVATE,0426563,0125293111
KWAZULU-NATAL,HOWICK,HOWICK,107 MAIN ROAD 3290,LENMED HOWICK PRIVATE HOSPITAL,57,HOSPITALS - PRIVATE,0934550,0333302456
KWAZULU-NATAL,HOWICK,HOWICK,52 FRASER STREET 3290,OATLANDS CARE CENTRE,49,SUB ACUTE FACILITIES,0447773,0333302229
KWAZULU-NATAL,ISIPINGO,ISIPINGO RAIL,MEDICAL TOWERS 162 PHILA NDWANDWE ROAD 4133,ISIPINGO HOSPITAL,57,HOSPITALS - PRIVATE,1126385,0319137000
KWAZULU-NATAL,KOKSTAD,KOKSTAD,51 BARKER STREET 4700,KOKSTAD MEDICAL TRUST T/A PRIVATE HOSPITAL,57,HOSPITALS - PRIVATE,0174602,0397978340
KWAZULU-NATAL,KWAZULU/NATAL,GREYTOWN,KRANSKOP ROAD 3250,THE AGAPE HOUSE TREATMENT CENTRE,47,DRUG AND ALCOHOL REHABILITATION,0836958,0334172227
KWAZULU-NATAL,LADYSMITH,HOSPITAALPARK,12-16 MALCOM ROAD 3370,LADYSMITH SUB-ACUTE HOSPITAL / ESSEN MEDICAL CENTRE,49,SUB ACUTE FACILITIES,0673064,0366310671
KWAZULU-NATAL,LADYSMITH,LADYSMITH,27 LAMBTON ROAD 3370,LADYSMITH DAY HOSPITAL,77,CLINICS - DAY SURGERY,0830518,0366354412
KWAZULU-NATAL,LADYSMITH,LADYSMITH,1 CONVENT ROAD 3370,LENMED LA VERNA,58,HOSPITALS - PRIVATE,5808235,0366310065
KWAZULU-NATAL,MARGATE,MARGATE,24 WARTSKI DRIVE 4275,MARGATE PRIVATE HOSPITAL,58,HOSPITALS - PRIVATE,5808529,0393173201
KWAZULU-NATAL,MOOI RIVER,MOOI RIVER,"D487 HIDCOTE, MOOI RIVER 3300",THE CEDARS TREATMENT FACILITIES MIDLANDS,47,DRUG AND ALCOHOL REHABILITATION,1061119,0332632733
KWAZULU-NATAL,NEWCASTLE,LENNOXTON,39 CERISE STREET 2940,COR DETOX AND TREATMENT CENTRE,47,DRUG AND ALCOHOL REHABILITATION,0698369,0353171253
KWAZULU-NATAL,NEWCASTLE,NEWCASTLE,9 HILLDROP ROAD 2940,HILLDROP HEALTHCARE CENTRE,49,SUB ACUTE FACILITIES,1057766,0796909387
KWAZULU-NATAL,NEWCASTLE,NEWCASTLE,CNR HOSPITAL & BIRD STREET 2940,MEDICLINIC NEWCASTLE,58,HOSPITALS - PRIVATE,5808871,0343170118
KWAZULU-NATAL,NEWCASTLE,NEWCASTLE,CNR HOSPITAL & BIRD STREET 2940,MEDICLINIC NEWCASTLE DAY HOSPITAL,77,CLINICS - DAY SURGERY,0767301,0343170100
KWAZULU-NATAL,PIETERMARITZBURG,HILTON,CNR HILTON AVENUE & MONZALI DRIVE 3201,HILTON LIFE PRIVATE HOSPITAL,57,HOSPITALS - PRIVATE,0604429,0112199000
KWAZULU-NATAL,PIETERMARITZBURG,MASONS MILL,100 ARCHIE GUMEDE DRIVE 3201,EDEN GARDENS PRIVATE HOSPITAL,58,HOSPITALS - PRIVATE,0765228,0338154600
KWAZULU-NATAL,PIETERMARITZBURG,PIETERMARITZBURG,90 PAYN STREET 3201,MEDICLINIC PIETERMARITZBURG,58,HOSPITALS - PRIVATE,5808073,0338453700
KWAZULU-NATAL,PIETERMARITZBURG,PIETERMARITZBURG,90 PAYN STREET 3201,MEDICLINIC PIETERMARITZBURG DAY HOSPITAL,77,CLINICS - DAY SURGERY,1217496,0861777002
KWAZULU-NATAL,PIETERMARITZBURG,PIETERMARITZBURG,5 A ALAN PATON AVENUE 3201,PIETERMARITZBURG EYE HOSPITAL,77,CLINICS - DAY SURGERY,0728586,0338122020
KWAZULU-NATAL,PIETERMARITZBURG,PIETERMARITZBURG,ERF 9917 MIDLANDS REHABILITATION HOSPITAL 301 BURGER STREET 3201,ROYAL REHABILITATION HOSPITAL (PTY)LTD T/A ROYAL HOSPITAL,49,SUB ACUTE FACILITIES,0668303,0338151600
KWAZULU-NATAL,PIETERMARITZBURG,PIETERMARITZBURG,ERF 9917 MIDLANDS REHABILITATION HOSPITAL 301 BURGER STREET 3201,ROYAL REHABILITATION HOSPITAL PTY LTD T/A ROYAL HOSPITAL,59,PRIVATE REHAB HOSPITAL (ACUTE),0795313,0338151600
KWAZULU-NATAL,PIETERMARITZBURG,PIETERMARITZBURG,64 CRAIGIE DRIVE 3201,ST. CATHERINE`S LIFE PATH HOSPITAL,55,MENTAL HEALTH INSTITUTIONS,1076795,0331500100
KWAZULU-NATAL,PIETERMARITZBURG,PIETERMARITZBURG,61 HOWICK ROAD 3200,WEMBLEY HOUSE,49,SUB ACUTE FACILITIES,1047337,0333423191
KWAZULU-NATAL,PIETERMARITZBURG,SCOTTSVILLE,216 WOODHOUSE ROAD 3201,AKESO CLINICS - PIETERMARITZBURG,55,MENTAL HEALTH INSTITUTIONS,0412155,0333460065
KWAZULU-NATAL,PIETERMARITZBURG,SCOTTSVILLE,5 KENWYN AVENUE 3201,ST MARY'S STEP-DOWN,49,SUB ACUTE FACILITIES,0737941,0872552418
KWAZULU-NATAL,PINETOWN,HILLCREST,72 OLD MAIN ROAD 3610,HIGHWAY SUB ACUTE (PTY) LTD,49,SUB ACUTE FACILITIES,0683361,0314760997
KWAZULU-NATAL,PINETOWN,PINETOWN,102 CROMPTON STREET 3610,THE CROMPTON HOSPITAL,58,HOSPITALS - PRIVATE,5808596,0317373000
KWAZULU-NATAL,PORT SHEPSTONE,PORT SHEPSTONE,39-41 CIRCULAR DRIVE SUNWICH PORT 4240,ARLEENS CORPORATE WELLNESS,47,DRUG AND ALCOHOL REHABILITATION,0687758,0317086586
KWAZULU-NATAL,RICHARDS BAY,EMPANGENI,CNR BIYELA & UKULA STREET 3880,EMPANGENI GARDEN CLINIC (PTY) LTD,57,HOSPITALS - PRIVATE,5708494,0359028000
KWAZULU-NATAL,RICHARDS BAY,EMPANGENI,26 ADDISON STREET 3880,SENZELWISIHE REHABILITATION HOSPITAL,49,SUB ACUTE FACILITIES,0962465,0357725367
KWAZULU-NATAL,RICHARDS BAY,RICHARDS BAY,8TH FLOOR 5 LIRA LINK 3900,AKESO CLINIC RICHARDS BAY,55,MENTAL HEALTH INSTITUTIONS,1027409,0113010000
KWAZULU-NATAL,RICHARDS BAY,RICHARDS BAY,JOHN ROSS ECO JUNCTION CNR N2 & MR496 3900,MELOMED RICHARDS BAY PTY LTD,58,HOSPITALS - PRIVATE,0721263,0216990950
KWAZULU-NATAL,RICHARDS BAY,RICHARDS BAY,CENTRAL BUSINESS DISTRICT 1 LIRA LINK ROAD 3900,RICHARDS BAY MEDICAL INSTITUTE,49,SUB ACUTE FACILITIES,0529796,0357800240
KWAZULU-NATAL,RICHARDS BAY,RICHARDS BAY,CENTRAL BUSINESS DISTRICT 1 LIRA LINK ROAD 3900,RICHARDS BAY MEDICAL INSTITUTE DAY HOSPITAL,77,CLINICS - DAY SURGERY,0776416,0357800240
KWAZULU-NATAL,RICHARDS BAY,RICHARDS BAY,6 KRUGER RAND ROAD 3900,THE BAY HOSPITAL,58,HOSPITALS - PRIVATE,5808472,0357806111
KWAZULU-NATAL,SCOTTBURGH,SCOTTBURGH,C/O AIRTH & ERSKINE ROAD 4180,HIBISCUS HOSPITAL SCOTTBURGH,49,SUB ACUTE FACILITIES,1044915,0394920510
KWAZULU-NATAL,SHELLY BEACH,SHELLY BEACH,LOT 1253 FLAMINGO ROAD 4265,SHELLY BEACH DAY CLINIC,77,CLINICS - DAY SURGERY,0380059,0393156430
KWAZULU-NATAL,SHELLY BEACH,SHELLY BEACH,LOT 2489 FLAMINGO ROAD 4265,SHELLY BEACH HOSPITAL,58,HOSPITALS - PRIVATE,0781886,0870877373
KWAZULU-NATAL,STANGER,STANGER,ERF 6023 THORNHILL FARM 4449,KDP HOSPITAL COMPANY (RF) (PTY) LTD T/A KWADUKUZA PRIVATE HOSPITAL,57,HOSPITALS - PRIVATE,0727334,0328153000
KWAZULU-NATAL,TONGAAT,BALLITO,LOWER GROUND THE ODYSSEY BALLITO 1 SIMBITHI DRIVE 4399,RIBUMED BALLITO DAY HOSPITAL,77,CLINICS - DAY SURGERY,0987425,0313143010
KWAZULU-NATAL,TONGAAT,BALLITO,LOWER GROUND THE ODYSSEY BALLITO 1 SIMBITHI DRIVE 4399,RIBUMED BEHAVIOURAL CENTRE (PTY) LTD,55,MENTAL HEALTH INSTITUTIONS,1023411,0314927500
KWAZULU-NATAL,TONGAAT,DOLPHIN COAST,INGENUITY PARK 3 NANDI MTHEMBU DRIVE 4404,NURTURE ILEMBE WELLNESS CENTRE,59,PRIVATE REHAB HOSPITAL (ACUTE),0828556,0326480015
KWAZULU-NATAL,TONGAAT,TONGAAT,4 HIGH CRESCENT 4399,NORTH COAST CENTRE FOR ALCOHOLICS,47,DRUG AND ALCOHOL REHABILITATION,0956031,0315210258
KWAZULU-NATAL,TONGAAT,TONGAAT,35 HIGH CRESCENT 4399,VICTORIA HOSPITAL (PTY) LTD,57,HOSPITALS - PRIVATE,5708567,0329458200
KWAZULU-NATAL,UMHLANGA,UMHLANGA,325 UMHLANGA ROCKS DRIVE 4319,MONDIA UMHLANGA,55,MENTAL HEALTH INSTITUTIONS,1101471,0315848169
KWAZULU-NATAL,UMHLANGA RIDGE,UMHLANGA RIDGE,5TH FLOOR 19 THE HIGH STREET CNR BOULEVARD 4319,MEDSTONE MEDICAL CENTRE T/A UMHLANGA EYE INSTITUTE,77,CLINICS - DAY SURGERY,0654736,0315361800
KWAZULU-NATAL,UMHLANGA ROCKS,PRESTONDALE,16 CHESTNUT CRESCENT 4319,AKESO CLINICS UMHLANGA,55,MENTAL HEALTH INSTITUTIONS,0615935,0114470268
KWAZULU-NATAL,UMHLANGA ROCKS,UMHLANGA ROCKS,36-38 AURORA DRIVE 4319,GATEWAY PRIVATE HOSPITAL,58,HOSPITALS - PRIVATE,0566225,0314921264
KWAZULU-NATAL,UMHLANGA ROCKS,UMHLANGA ROCKS,10A HERRWOOD DRIVE 4320,INHLE WELLNESS CENTRE,47,DRUG AND ALCOHOL REHABILITATION,0775991,0114340280
KWAZULU-NATAL,UMKOMAAS,WIDENHAM,7 ST HELIER ROAD 4170,CHOOSELIFE SPECIALIST RECOVERY CENTRE,47,DRUG AND ALCOHOL REHABILITATION,1119842,0312012181
KWAZULU-NATAL,VRYHEID,VRYHEID,CNR EDWARD & UTRECHT STREET 3100,ABAQULUSI PRIVATE HOSPITAL,58,HOSPITALS - PRIVATE,0808458,0349811000
KWAZULU-NATAL,WESTVILLE,WESTVILLE,WESTVILLE HOSPITAL 7 HARRY GWALA ROAD WESTVILLE 3630,WESTVILLE HOSPITAL,58,HOSPITALS - PRIVATE,5807832,0312041320
GAUTENG,ALBERTON,BRACKENDOWNS,22 DE WAAL STREET 1448,LIFE BRACKENVIEW HOSPITAL,55,MENTAL HEALTH INSTITUTIONS,0791393,0100092600
GAUTENG,ALBERTON,NEW REDRUTH,15 CLINTON ROAD 1449,AKESO CLINIC - ALBERTON,55,MENTAL HEALTH INSTITUTIONS,0434655,0119072811
GAUTENG,ALBERTON,NEWMARKET,2ND FLOOR MEDIMIX 1 RIBOVILLE STREET NEWMARKET PARK (EXT 15) 1449,NEW MARKET SUB-ACUTE HOSPITAL,49,SUB ACUTE FACILITIES,1052780,0104960524
GAUTENG,BENONI,BENONI SOUTH,129-131 HOWARD AVENUE 1501,GLYNNVIEW PRIVATE PSYCHIATRIC HOSPITAL,55,MENTAL HEALTH INSTITUTIONS,0422193,0117415000
GAUTENG,BENONI,BENONI SOUTH,33-35 HARRISON STREET 1501,GLYNNWOOD NURSING HOME,58,HOSPITALS - PRIVATE,5807743,0117415000
GAUTENG,BENONI,NORTHMEAD,NORTHMEAD MALL 1ST STREET 1501,CARE CURE RYNMED SUB-ACUTE/PHYSICAL REHABILITATION,49,SUB ACUTE FACILITIES,0115347,0119689006
GAUTENG,BENONI,RYNFIELD,2 CNR EWING & O'RIELLEY MERRY STREET 1501,ADDICTION RECOVERY CENTRE - ARC,47,DRUG AND ALCOHOL REHABILITATION,0748188,0132445021
GAUTENG,BENONI,RYNFIELD,CNR PRETORIA ROAD & PARKER STREET 1501,MOREHILL CLINIC (PTY) LTD,49,SUB ACUTE FACILITIES,0589519,0514101666
GAUTENG,BENONI,RYNVELD,81 PRETORIA ROAD 1501,CARE YOUTH REVIVAL SANCTUARY,47,DRUG AND ALCOHOL REHABILITATION,1132814,0721406081
GAUTENG,BOKSBURG,PLANTATION,17 NORTH STREET 1459,SANCA HORIZON,47,DRUG AND ALCOHOL REHABILITATION,0046035,0119175015
GAUTENG,BOKSBURG,RAVENSWOOD,35 OLIVIA ROAD 1459,HOUSE OF MERCY,47,DRUG AND ALCOHOL REHABILITATION,0045128,0118944050
GAUTENG,BRAKPAN,DALVIEW,11 HENDRIK POTGIETER ROAD 1541,DALVIEW CLINIC,58,HOSPITALS - PRIVATE,5808146,0117470747
GAUTENG,BRAMLEY,KELVIN,34 STEYN AVENUE 2090,ARCA JOHANNESBURG,47,DRUG AND ALCOHOL REHABILITATION,0613851,0116560705
GAUTENG,BRYANSTON,GLENFERNESS,438 CHATTAN ROAD 2191,EDEN RECOVERY AND REHABILITATION CENTRE,47,DRUG AND ALCOHOL REHABILITATION,0428264,0125675358
GAUTENG,CARLETONVILLE,CARLETONVILLE,R500 ROAD 2499,THE FOUNTAIN PRIVATE HOSPITAL,57,HOSPITALS - PRIVATE,5708648,0187881000
GAUTENG,CENTURION,CENTURION,"SUITE 119 UNIT 4 LIFESTYLE MANAGEMENT PARK, 221 CLIFTON LANE 0157",CENTURION EYE HOSPITAL,77,CLINICS - DAY SURGERY,0236837,0126445100
GAUTENG,CENTURION,CENTURION,C/O NELLMAPIUS & JOHN VORSTER 0157,INTERCARE DAY HOSPITAL IRENE,77,CLINICS - DAY SURGERY,0492264,0129412600
GAUTENG,CENTURION,CENTURION,135 GERHARD STREET 0157,VISTA PRIVATE CLINIC,55,MENTAL HEALTH INSTITUTIONS,5500087,0126640222
GAUTENG,CULLINAN,CULLINAN,1 HOSPITAL ROAD 1000,CLINIX CULLINAN WELLNESS HOSPITAL,55,MENTAL HEALTH INSTITUTIONS,0954756,0114291000
GAUTENG,DERDEPARK,KAMEELDRIF EAST,PLOT 79 BOSUIL AVENUE 0035,CLEARVIEW CLINIC (PTY) LTD,47,DRUG AND ALCOHOL REHABILITATION,0427942,0128191422
GAUTENG,DIEPKLOOF,DIEPKLOOF ZONE 6,23967 CHRIS HANI ROAD 1862,LESEDI CLINIC,58,HOSPITALS - PRIVATE,5807816,0119335000
GAUTENG,FLORIDA,FLORACLIFFE,LIFE FLORA CLINIC CNR CONSTANTIA BOULEVARD & WILLIAM NICOL DRIVE 1709,FLORA CLINIC,58,HOSPITALS - PRIVATE,5807883,0114707777
GAUTENG,FLORIDA,FLORIDA PARK,51 MULDER STREET 1709,SR LEA SUB-ACUTE FLORIDA,49,SUB ACUTE FACILITIES,0650757,0114755743
GAUTENG,GERMISTON,SYMHURST,CNR CASTOR & ST JOSEPHS STREET 1401,ROSEACRES CLINIC,58,HOSPITALS - PRIVATE,5806968,0118427500
GAUTENG,HALFWAY HOUSE,GLEN AUSTIN,21 DANE ROAD 1685,CARSTENHOF CLINIC,58,HOSPITALS - PRIVATE,5808170,0116555500
GAUTENG,HALFWAY HOUSE,GLEN AUSTIN,21 DANE ROAD 1685,LIFE CARSTENVIEW,55,MENTAL HEALTH INSTITUTIONS,0913480,0116555500
GAUTENG,HALFWAY HOUSE,MIDSTREAM ESTATE,1ST FLOOR RETIRE MIDSTREAM 1 MADELEIN STREET 1692,CARE MIDSTREAM,49,SUB ACUTE FACILITIES,0423564,0129409380
GAUTENG,HALFWAY HOUSE,MIDSTREAM ESTATE,CNR MIDSTREAM DRIVE & MIDSTREAM HILL BOULEVARD 1692,MEDICLINIC MIDSTREAM HOSPITAL,58,HOSPITALS - PRIVATE,0579068,0126529000
GAUTENG,HEIDELBERG,HEIDELBERG,SUIKERBOSRAND CLINIC CNR HF VERWOERD & MARE STREET 1441,SUIKERBOSRAND CLINIC,58,HOSPITALS - PRIVATE,5808987,0114222016
GAUTENG,JOHANNESBURG,AUCKLAND PARK,2 BUNTING ROAD 2092,NETCARE REHABILITATION HOSPITAL,59,PRIVATE REHAB HOSPITAL (ACUTE),0320102,0114891126
GAUTENG,JOHANNESBURG,BEDFORD GARDENS,7 LEICESTER ROAD 2007,BEDFORD GARDENS PRIVATE HOSPITAL,58,HOSPITALS - PRIVATE,5808316,0116778500
GAUTENG,JOHANNESBURG,BELLEVUE EAST,43 JOLLY STREET 2198,CLAYTON HOUSE,49,SUB ACUTE FACILITIES,0265004,0110231240
GAUTENG,JOHANNESBURG,BROMHOF,CNR PRESIDENT FOUCHE DRIVE & HAWKEN AVENUE 2188,AKESO CRESCENT CLINIC,55,MENTAL HEALTH INSTITUTIONS,0165034,0117929400
GAUTENG,JOHANNESBURG,BRYANSTON,201 ECCLESTON CRESCENT 2191,BRYANSTON SUB-ACUTE (PTY)LTD,49,SUB ACUTE FACILITIES,0655775,0114636727
GAUTENG,JOHANNESBURG,BRYANSTON,CNR NURSERY LANE & PETER PLACE 2191,MEDFEM CLINIC,57,HOSPITALS - PRIVATE,5709199,0123688885
GAUTENG,JOHANNESBURG,BRYANSTON,CNR MAIN ROAD & PETER PLACE 2191,MEDICLINIC SANDTON,58,HOSPITALS - PRIVATE,5805139,0117092000
GAUTENG,JOHANNESBURG,FERNDALE,432 YORK AVENUE 2194,HOUGHTON HOUSE GROUP,47,DRUG AND ALCOHOL REHABILITATION,0231975,0117899142
GAUTENG,JOHANNESBURG,FLORIDA,9 MADELINE STREET 1709,WESTVIEW CLINIC FLORIDA,47,DRUG AND ALCOHOL REHABILITATION,0930628,0114727707
GAUTENG,JOHANNESBURG,FOURWAYS,CNR CEDAR ROAD & CEDAR AVENUE WEST 2191,FOURWAYS HOSPITAL,58,HOSPITALS - PRIVATE,0227277,0118751000
GAUTENG,JOHANNESBURG,JOHANNESBURG,"121 ELOFF STREET, EXT SELBY PARK 2000",CLINIX FOUNDATION,47,DRUG AND ALCOHOL REHABILITATION,1139231,0114914100
GAUTENG,JOHANNESBURG,JOHANNESBURG,56 CNR VON WIELLIGH STREET & ALBERTINA SISULU ROAD 2001,DR G M PITJE DAY HOSPITAL,77,CLINICS - DAY SURGERY,0905445,0101332222
GAUTENG,JOHANNESBURG,KENSINGTON,LIFE NEW KENSINGTON CLINIC 23 ROBERTS AVENUE 2094,NEW KENSINGTON CLINIC,59,PRIVATE REHAB HOSPITAL (ACUTE),0077941,0112199650
GAUTENG,JOHANNESBURG,KENSINGTON,23 ROBERTS AVENUE 2094,NEW KENSINGTON CLINIC,49,SUB ACUTE FACILITIES,0128341,0115384700
GAUTENG,JOHANNESBURG,LINBRO PARK,LONG LAKE EXT 12 4 CRANSLEY CRESCENT & ON MARLBORO DRIVE 2090,BUSAMED MODDERFONTEIN PRIVATE HOSPITAL,58,HOSPITALS - PRIVATE,0651168,0219171956
GAUTENG,JOHANNESBURG,LYNDHURST,RON SMITH CARE CENTRE 222 MODDERFONTEIN ROAD 2192,RAND AID ASSOCIATION,47,DRUG AND ALCOHOL REHABILITATION,0051500,0118822510
GAUTENG,JOHANNESBURG,MELROSE ARCH,33 BRUCE STREET 2001,RH RAND CLINIC,55,MENTAL HEALTH INSTITUTIONS,0834394,0116442700
GAUTENG,JOHANNESBURG,NORTHCLIFF,216 WELTEVREDEN ROAD 2195,C H A N G E S TREATMENT CENTRES,47,DRUG AND ALCOHOL REHABILITATION,0537861,0114780601
GAUTENG,JOHANNESBURG,NORTHCLIFF,1ST FLOOR JOHANNESBURG EYE HOSPITAL CNR BEYERS NAUDE DRIVE & WAUGH AVENUE 2195,NORTHCLIFF MEDWEDGE SUB-ACUTE,49,SUB ACUTE FACILITIES,0511056,0116702400
GAUTENG,JOHANNESBURG,NORTHCLIFF EXT 15,20 NEVADA DRIVE 21954,CIRCLE OF LIFE RECOVERY CENTRE,47,DRUG AND ALCOHOL REHABILITATION,0558427,0763321758
GAUTENG,JOHANNESBURG,OAKLANDS,41 PRETORIA STREET 2192,THE FOUNDATION CLINIC,47,DRUG AND ALCOHOL REHABILITATION,0281360,0117288054
GAUTENG,JOHANNESBURG,ORANGE GROVE,4 THELMA CRESCENT 2119,CIRCLEHEALTH CARE,49,SUB ACUTE FACILITIES,0447366,0100012625
GAUTENG,JOHANNESBURG,ORCHARDS,25 GARDEN ROAD 2192,AIRTIME CONNECTIONS,49,SUB ACUTE FACILITIES,0420972,0114833743
GAUTENG,JOHANNESBURG,PARKTOWN,6 JUNCTION AVENUE 2193,AKESO CLINIC PARKTOWN,55,MENTAL HEALTH INSTITUTIONS,0455040,0870980458
GAUTENG,JOHANNESBURG,PARKTOWN,4 PARK LANE 2193,BRENTHURST CLINIC,58,HOSPITALS - PRIVATE,5803349,0116479000
GAUTENG,JOHANNESBURG,PARKTOWN,6 JUBILEE ROAD 2193,NELSON MANDELA CHILDREN'S HOSPITAL,57,HOSPITALS - PRIVATE,0782513,0124601881
GAUTENG,JOHANNESBURG,PARKTOWN,21 ETON ROAD 2193,WITS UNIVERSITY DONALD GORDON MEDICAL CENTRE (PTY) LTD,58,HOSPITALS - PRIVATE,5806682,0113566327
GAUTENG,JOHANNESBURG,RANDBURG,432 YORK AVENUE 2194,HOUGHTON HOUSE GROUP OF TREATMENT CENTRES,55,MENTAL HEALTH INSTITUTIONS,1121421,0117879194
GAUTENG,JOHANNESBURG,SAXONWOLD,OXFORD HEALTHCARE CENTRE 75 OXFORD ROAD 2196,THE DAY CLINIC,55,MENTAL HEALTH INSTITUTIONS,0735663,0210072940
GAUTENG,JOHANNESBURG,SELBY,121 ELOFF STREET 2001,CLINIX SELBY PARK HOSPITAL (RAND MUTUAL),57,HOSPITALS - PRIVATE,0137286,0114914100
GAUTENG,KEMPTON PARK,KEMPTON PARK,18 MONUMENT ROAD 1619,EKURHULENI SURGIKLIN DAY CLINIC,77,CLINICS - DAY SURGERY,0637459,0870980660
GAUTENG,KEMPTON PARK,SPARTAN,133 PLANE ROAD 1619,ELIM CLINIC,47,DRUG AND ALCOHOL REHABILITATION,0037877,0119752951
GAUTENG,KRUGERSDORP,KRUGERSDORP,060 HUMAN STREET 1739,EXECU-MED SUB-ACUTE,49,SUB ACUTE FACILITIES,0655767,0104476508
GAUTENG,KRUGERSDORP,NOORDHEUWEL,CNR BELL DRIVE & SHANNON ROAD 1739,RH BELL CLINIC,55,MENTAL HEALTH INSTITUTIONS,0831646,0102009745
GAUTENG,LENASIA,LENASIA EXT 8,LENMED MEDICAL CENTRE K43 HIGHWAY 1827,LENMED HEALTH AHMED KATHRADA PRIVATE HOSPITAL,58,HOSPITALS - PRIVATE,5808324,0870870642
GAUTENG,LENASIA,LENASIA EXT 9,NISHTARA ALCOHOL & DRUG CENTRE 8283 CAPELLA STREET 1827,NISHTARA LODGE,47,DRUG AND ALCOHOL REHABILITATION,0299693,0118545988
GAUTENG,LENASIA,LENASIA SOUTH,STAND 1682 IMPALA STREET 1829,LENMED HEALTH DAXINA PRIVATE HOSPITAL,57,HOSPITALS - PRIVATE,0490296,0112132019
GAUTENG,MABOPANE,MABOPANE,LUCAS MAGOPE HIGHWAY 0190,MEDICLINIC LEGAE,58,HOSPITALS - PRIVATE,5808499,0127978024
GAUTENG,MENLO PARK,GARSFONTEIN,745 HANNARIE ROAD,THE WAY RECOVERY (PTY) LTD,47,DRUG AND ALCOHOL REHABILITATION,1041177,0120300323
GAUTENG,MENLO PARK,GARSFONTEIN,786 DROSTDY ROAD,THE WAY RECOVERY (PTY) LTD,47,DRUG AND ALCOHOL REHABILITATION,1041231,0120300323
GAUTENG,MENLO PARK,GARSFONTEIN EXT 16,507 LANCELOT ROAD,DENMAR SPECIALIST PSYCHIATRIC HOSPITAL,55,MENTAL HEALTH INSTITUTIONS,5500001,0129986062
GAUTENG,MENLO PARK,LYNNWOOD,315 THE HILLSIDE STREET 0081,LYNNMED CLINIC,49,SUB ACUTE FACILITIES,0523933,0123484995
GAUTENG,MEYERTON,DE DEUR,BALMORAL ESTATE CNR 1ST & EAST ROAD 1884,PRODIGAL MINISTRIES WALKING WITH WINNERS,47,DRUG AND ALCOHOL REHABILITATION,0671568,0165901036
GAUTENG,MIDRAND,OLIFANTSFONTEIN,FIRST FLOOR MIDSTREAM HILL MEDICAL PARK 155 MIDHILL BOULEVARD 1666,EVEXIA MIDSTREAM COMMUNITY MENTAL HEALTH CARE DAY CENTRE,55,MENTAL HEALTH INSTITUTIONS,0810711,0123488200
GAUTENG,MOOT,ELOFFSDAL,353B BOOYSEN STREET 0084,MOTHWA MED-STEP CLINIC TRUST,49,SUB ACUTE FACILITIES,0111619,0123357596
GAUTENG,NIGEL,NIGEL,"PLOT 80, HOLGATFONTEIN 1491",FREEDOM RECOVERY CENTRE,47,DRUG AND ALCOHOL REHABILITATION,0531243,0784654243
GAUTENG,PRETORIA,ARCADIA,871 FRANCIS BAARD STREET 0083,AKESO ARCADIA,55,MENTAL HEALTH INSTITUTIONS,0726419,0870980459
GAUTENG,PRETORIA,ARCADIA,551 PARK STREET 0083,MEDICLINIC HEART HOSPITAL,58,HOSPITALS - PRIVATE,5808634,0124400200
GAUTENG,PRETORIA,ARCADIA,412 FRANCIS BAARD STREET 0083,MEDICLINIC MEDFORUM,58,HOSPITALS - PRIVATE,5807867,0123176934
GAUTENG,PRETORIA,ARCADIA,577 PRETORIUS STREET 0083,MEDICLINIC MUELMED,58,HOSPITALS - PRIVATE,5808065,0124400600
GAUTENG,PRETORIA,BROOKLYN,BROOKLYN MEDPARK 154 OLIVIER STREET 0181,BROOKLYN SURGICAL CENTRE,77,CLINICS - DAY SURGERY,7700318,0124330860
GAUTENG,PRETORIA,DIE WILGERS,FIRST FLOOR 553 DENNEBOOM ROAD 0184,WILGERS HOSPITAL,58,HOSPITALS - PRIVATE,5808650,0128078190
GAUTENG,PRETORIA,ERASMUSKLOOF EXT 3,511 JOCHEMUS STREET  0181,MEDICLINIC KLOOF,58,HOSPITALS - PRIVATE,0120928,0123674021
GAUTENG,PRETORIA,FAERIE GLEN,588 GRAAFF REINET STREET 0081,FAERIE GLEN SUB-ACUTE,49,SUB ACUTE FACILITIES,0931446,0845825580
GAUTENG,PRETORIA,FAERIE GLEN,CNR ATTERBURY ROAD & OBERON AVENUE  0081,LIFE FAERIE GLEN HOSPITAL,57,HOSPITALS - PRIVATE,5708257,0123695666
GAUTENG,PRETORIA,GROENKLOOF,19 GEORGE STORRAR DRIVE 0181,GROENKLOOF HEALTHCARE FACILITY,49,SUB ACUTE FACILITIES,0094390,0123460103
GAUTENG,PRETORIA,GROENKLOOF,50 GEORGE STORRAR DRIVE 0181,LITTLE COMPANY OF MARY,58,HOSPITALS - PRIVATE,5804043,0124529400
GAUTENG,PRETORIA,IRENE,SOUTHDOWNS SHOPPING CENTRE CNR JOHN VORSTER DRIVE & KAREE STREET 0157,INTERCARE SUBACUTE & REHABILITATION HOSPITAL IRENE,49,SUB ACUTE FACILITIES,0492256,0129412600
GAUTENG,PRETORIA,LES MARAIS,696 5TH AVENUE 0084,EUGENE MARAIS HOSPITAL,58,HOSPITALS - PRIVATE,5806615,0123342592
GAUTENG,PRETORIA,LES MARAIS,695 5TH AVENUE 0084,EUGENE MARAIS REHABILITATION UNIT,59,PRIVATE REHAB HOSPITAL (ACUTE),0231991,0112199650
GAUTENG,PRETORIA,MENLYN,BUILDING 7 GLEN MANOR OFFICE PARK 134 FRIKKIE DE BEER STREET 0181,EVEXIA MENLYN,55,MENTAL HEALTH INSTITUTIONS,0677302,0123488200
GAUTENG,PRETORIA,MONTANA,900 KLIPPAN STREET 0182,MONTAMED SORGSENTRUM,49,SUB ACUTE FACILITIES,0146196,0125477365
GAUTENG,PRETORIA,MOREGLOED,1229 HAARHOFF EAST STREET 0186,STABILIS TREATMENT CENTRE,47,DRUG AND ALCOHOL REHABILITATION,0043494,0123337702
GAUTENG,PRETORIA,NINAPARK,CASTLE CAREY CLINIC CNR BRITS & WATERBOK STREET 0182,SANCA PRETORIA SOCIETY,47,DRUG AND ALCOHOL REHABILITATION,0106593,0125421121
GAUTENG,PRETORIA,PRETORIA,607 VIEW STREET 2194,CROSSROADS RECOVERY CENTRE,47,DRUG AND ALCOHOL REHABILITATION,0963100,0848400079
GAUTENG,PRETORIA,PRETORIA,44 CHARLES BRAMLEY STREET NIEUW MUCKLENEUK 0181,GREENTREE SUB-ACUTE AND REHAB FACILITY,49,SUB ACUTE FACILITIES,0959073,0108231630
GAUTENG,PRETORIA,PRETORIA,HAZELDEAN OFFICE PARK SILVERLAKES ROAD 0081,INTERCARE DAY HOSPITAL HAZELDEAN,77,CLINICS - DAY SURGERY,0472395,0128800700
GAUTENG,PRETORIA,PRETORIA,PLOT 102 0002,THE GUARDIAN PROJECT MINISTRY,47,DRUG AND ALCOHOL REHABILITATION,0598585,0797316536
GAUTENG,PRETORIA,PRETORIA NORTH,260 BURGER STREET 0182,PRETORIA NORTH DAY CLINIC,77,CLINICS - DAY SURGERY,7700156,0112199429
GAUTENG,PRETORIA,PRETORIA WEST,1 REBECCA STREET 0183,FISHA WELLNESS HOSPITAL,55,MENTAL HEALTH INSTITUTIONS,0543756,0128300010
GAUTENG,PRETORIA,QUEENSWOOD,1244 WEBB ROAD 0186,HERFSMED CLINIC,49,SUB ACUTE FACILITIES,0094021,0123334445
GAUTENG,PRETORIA,SILVER LAKES,HAZELDEAN OFFICE PARK SILVERLAKES ROAD 0081,INTERCARE SUB-ACUTE HOSPITAL HAZELDEAN (PTY) LTD,49,SUB ACUTE FACILITIES,0472964,0128800700
GAUTENG,PRETORIA,SUIDERBERG,"723 SAREL ROAD, ERF 570 0082",MPUDULLE EYE CENTRE,77,CLINICS - DAY SURGERY,1084526,0128803999
GAUTENG,PRETORIA,WATERKLOOF,607 VIEW STREET 0181,CROSSROADS RECOVERY CENTRE,47,DRUG AND ALCOHOL REHABILITATION,0478555,0123451188
GAUTENG,PRETORIA,ZWAVELPOORT,PLOT 122 ACHILLES ROAD 0081,ZWAVELSTREAM CLINIC,55,MENTAL HEALTH INSTITUTIONS,0719048,0104750150
GAUTENG,RANDBURG,RANDBURG,PORTION 34 NIETGEDACHT 34 SOUTHERNWOODS ROAD 2194,RIVERFIELD LODGE,59,PRIVATE REHAB HOSPITAL (ACUTE),0011614,0112199650
GAUTENG,RANDBURG,RANDBURG,PORTION 34 NIETGEDACHT 34 SOUTHERNWOODS ROAD 2194,RIVERFIELD LODGE,55,MENTAL HEALTH INSTITUTIONS,5500133,0112199664
GAUTENG,RANDBURG,RANDBURG,"54 CONRAD DRIVE, BLAIREGOWRIE 2194",TURNING POINT SUBSTANCE ABUSE TREATMENT CENTRE,47,DRUG AND ALCOHOL REHABILITATION,1097210,0661779363
GAUTENG,RANDFONTEIN,GREENHILLS,WARD STREET 1759,LENMED RANDFONTEIN PRIVATE HOSPITAL,58,HOSPITALS - PRIVATE,0674796,0114113000
GAUTENG,RANDFONTEIN,RANDFONTEIN,HOSPITAL ROAD 1759,ROBINSON HOSPITAL,58,HOSPITALS - PRIVATE,5804655,0112788700
GAUTENG,ROODEPOORT,RADIOKOP EXT 13,AMPLIFIER ROAD 1724,WILGEHEUWEL DAY CLINIC,77,CLINICS - DAY SURGERY,0150010,0117966500
GAUTENG,ROODEPOORT,RADIOKOP EXT 13,AMPLIFIER ROAD 1724,WILGEHEUWEL HOSPITAL,58,HOSPITALS - PRIVATE,5808839,0117966500
GAUTENG,ROODEPOORT,ROODEPOORT,"NO 1 THE GALLERY 750 ROBBIN AVENUE, LITTLE FALLS 1735",EAGLES VIEW WELLNESS CENTRE,47,DRUG AND ALCOHOL REHABILITATION,1134892,0795230043
GAUTENG,ROODEPOORT,ROODEPOORT,18 MALCOLM ROAD ROODEPOORT 1725,LIFE POORTVIEW,55,MENTAL HEALTH INSTITUTIONS,0462128,0873522100
GAUTENG,RUSLOO,VOSLOORUS EXT 9,MARIMBA GARDENS 9 SAM SEKOATI AVENUE 1475,CLINIX BOTSHELONG - EMPILWENI PRIVATE HOSPITAL,58,HOSPITALS - PRIVATE,5808685,0118616200
GAUTENG,SANDTON,SANDTON,200 REVONIA ROAD 2196,INTERCARE DAY HOSPITAL SANDTON,77,CLINICS - DAY SURGERY,0537756,0108801400
GAUTENG,SAXONWOLD,MORNINGSIDE,CNR RIVONIA & HILL ROAD 2196,MEDICLINIC MORNINGSIDE,58,HOSPITALS - PRIVATE,5807824,0112825000
GAUTENG,SAXONWOLD,MORNINGSIDE,200 RIVONIA ROAD 2196,SANDTON SUB-ACUTE HOSPITAL (PTY) LTD,49,SUB ACUTE FACILITIES,0724556,0123688885
GAUTENG,SEBOKENG,SEBOKENG,2 MOSHOESHOE STREET 1984,CLINIX NALEDI - NKANYEZI PRIVATE HOSPITAL,58,HOSPITALS - PRIVATE,5808944,0164203010
GAUTENG,SOSHANGUVE,SOSHANGUVE,ERF 212 BLOCK I A BUITEKANT ROAD 0152,BOTSHILU PRIVATE HOSPITAL (PTY) LTD,58,HOSPITALS - PRIVATE,0556394,0127987000
GAUTENG,SOWETO,DOBSONVILLE,CNR BRAAMFISCHER DRIVE & ELIAS MOTSOALEDI ROAD 1863,CLINIX TSHEPO - THEMBA PRIVATE HOSPITAL,58,HOSPITALS - PRIVATE,5808782,0119830300
GAUTENG,SOWETO,TSHIAWELO,35 BRITTLEWOOD STREET 1818,APEX SURGI-CENTRE SOWETO,77,CLINICS - DAY SURGERY,0905038,0101090794
GAUTENG,SPRINGS,POLLAK PARK,ARTEMIS ROAD 1559,LIFE SPRINGS PARKLAND HOSPITAL,59,PRIVATE REHAB HOSPITAL (ACUTE),1025538,0118124000
GAUTENG,SPRINGS,POLLAK PARK,LIFE SPRINGS PARKLAND CLINIC ARTEMIS ROAD 1559,SPRINGS PARKLAND CLINIC,58,HOSPITALS - PRIVATE,5807034,0118124000
GAUTENG,TEMBISA,HOSPITAL VIEW,128 FLINT MAZIBUKO STREET 1632,LENMED ZAMOKUHLE PRIVATE HOSPITAL,57,HOSPITALS - PRIVATE,5709180,0119237700
GAUTENG,TSHIAWELO,DLAMINI,2ND FLOOR SOWETO HEALTHCARE HUB 35 BRITLEWOOD STREET 1818,SOWETO LIFE PATH HEALTH HOSPITAL,55,MENTAL HEALTH INSTITUTIONS,0930504,0219747699
GAUTENG,VANDERBIJLPARK,VANDERBIJLPARK,6 JAN VAN RIEBEECK BOULEVARD 1911,MEDICLINIC EMFULENI,58,HOSPITALS - PRIVATE,5808375,0169508000
GAUTENG,VEREENIGING,THREE RIVERS,66 BASHEE STREET 1929,TRIMED MEDICAL CENTRE,49,SUB ACUTE FACILITIES,0096660,0164540510
GAUTENG,VEREENIGING,VEREENIGING,MEDI-VILLAGE COMPLEX CNR GRAY & JOUBERT STREET 1939,CARE CURE VEREENIGING SUB ACUTE,49,SUB ACUTE FACILITIES,0559997,0716063361
GAUTENG,VEREENIGING,VEREENIGING,CNR HOFMEYER AVENUE & JOUBERT STREET  1939,MEDICLINIC VEREENIGING,58,HOSPITALS - PRIVATE,5808081,0164405000
GAUTENG,WATERKLOOF,WATERKLOOF RIDGE,442 KOEDOESNEK AVENUE 0181,THE WAY RECOVERY(PTY) LTD,47,DRUG AND ALCOHOL REHABILITATION,0749699,0120300323
FREE STATE,BETHLEHEM,BETHLEHEM,DE LEEUW STREET 9701,MEDICLINIC HOOGLAND,58,HOSPITALS - PRIVATE,5808707,0583072022
FREE STATE,BETHLEHEM,BETHLEHEM,25 DE LEEUW STREET 9701,MONDIA DIHLABENG WELLNESS CENTRE,55,MENTAL HEALTH INSTITUTIONS,0940615,0583039205
FREE STATE,BLOEMFONTEIN,BAINSVLEI,115 ABRAHAMSVLEI ROAD 9301,MEZITOUCH REHAB CENTRE,47,DRUG AND ALCOHOL REHABILITATION,1141996,0662912820
FREE STATE,BLOEMFONTEIN,BLOEMFONTEIN,54 PASTEUR DRIVE HOSPITAL PARK 9300,AT SPECIALIST HOSPITAL PTY LTD SUB ACUTE,49,SUB ACUTE FACILITIES,1188887,0511012408
FREE STATE,BLOEMFONTEIN,BLOEMFONTEIN,HOSPITAL PARK 17 ADDISON STREET 9301,BLOEMPSYCH (PTY) LTD TRADING AS M-CARE OPTIMA,55,MENTAL HEALTH INSTITUTIONS,0366935,0515021800
FREE STATE,BLOEMFONTEIN,BLOEMFONTEIN,MAZELSPOORT ROAD 9301,BUSAMED BRAM FISCHER INTERNATIONAL AIRPORT HOSPITAL,58,HOSPITALS - PRIVATE,0725935,0514124200
FREE STATE,BLOEMFONTEIN,BLOEMFONTEIN,45 HENRY FAGAN STREET 9301,GALINO HOUSE SUBSTANCE USE DISORDER FACILITY,47,DRUG AND ALCOHOL REHABILITATION,0624020,0515222181
FREE STATE,BLOEMFONTEIN,BLOEMFONTEIN,CNR LOUW WEPENER & GRAAFF-REINET STREET 9301,CITYMED SUB-ACUTE HOSPITAL,49,SUB ACUTE FACILITIES,0990469,0514364320
FREE STATE,BLOEMFONTEIN,BLOEMFONTEIN,STIRLING SMALL HOLDINGS PLOT 3B 9300,STIRLING HOSPITAL-ACUTE REHABILITATION,59,PRIVATE REHAB HOSPITAL (ACUTE),1156853,0511012377
FREE STATE,BLOEMFONTEIN,DAN PIENAAR,1ST FLOOR PRELLER SQUARE CNR LOUW WEPENER & GRAAFF-REINET STREET 9301,CITYMED REHABILITATION HOSPITAL,59,PRIVATE REHAB HOSPITAL (ACUTE),1069594,0514364320
FREE STATE,BLOEMFONTEIN,FICHARDT PARK,57 GUSTAV CRESCENT 9301,ROSEPARK HOSPITAL,58,HOSPITALS - PRIVATE,5808014,0515055345
FREE STATE,BLOEMFONTEIN,GROENVLEI,7 FRANS KLEYNHANS AVENUE 9301,EMOYAMED PRIVATE HOSPITAL PTY LTD - REHABILITATION,59,PRIVATE REHAB HOSPITAL (ACUTE),1176846,0510114040
FREE STATE,BLOEMFONTEIN,GROENVLEI,WOODLAND HILLS WILDLIFE ESTATE 6 WOODLAND HILLS BOULEVARD 9301,HILLANDALE HEALTH CARE CENTRE,49,SUB ACUTE FACILITIES,0351547,0514123300
FREE STATE,BLOEMFONTEIN,GROENVLEI,WOODLAND HILLS WILDLIFE ESTATE 6 WOODLAND HILLS BOULEVARD 9301,HILLANDALE HEALTHCARE CENTRE - ACUTE REHABILITATION,59,PRIVATE REHAB HOSPITAL (ACUTE),0605417,0514123300
FREE STATE,BLOEMFONTEIN,GROENVLEI,WOODLAND HILLS WILDLIFE ESTATE 6 WOODLAND HILLS BOULEVARD 9301,NURTURE WOODLANDS,47,DRUG AND ALCOHOL REHABILITATION,0636657,0514123300
FREE STATE,BLOEMFONTEIN,GROENVLEI,WOODLAND HILLS WILDLIFE ESTATE 6 WOODLAND HILLS BOULEVARD 9301,NURTURE WOODLANDS (MENTAL HEALTH INSTITUTION),55,MENTAL HEALTH INSTITUTIONS,0468029,0514123300
FREE STATE,BLOEMFONTEIN,HOSPITAALPARK,LIFE PASTEUR HOSPITAL 54 PASTEUR DRIVE 9301,PASTEUR EYE HOSPITAL,57,HOSPITALS - PRIVATE,0225681,0515021900
FREE STATE,BLOEMFONTEIN,HOSPITAALPARK,LIFE PASTEUR HOSPITAL 54 PASTEUR DRIVE 9301,PASTEUR HOSPITAL,59,PRIVATE REHAB HOSPITAL (ACUTE),0090263,0112199650
FREE STATE,BLOEMFONTEIN,LANGENHOVENPARK,11 A G VISSER STREET 9301,BLOEMCARE (PTY) LTD,55,MENTAL HEALTH INSTITUTIONS,0287962,0154463242
FREE STATE,BLOEMFONTEIN,NAVAL VIEW,NAVAL VIEW 15 BROMPTON ROAD 9301,AURORA ALCOHOL & DRUG CENTRE,47,DRUG AND ALCOHOL REHABILITATION,0051284,0514474111
FREE STATE,BLOEMFONTEIN,SPITSKOP,STIRLING SMALL HOLDINGS PLOT 3B 9301,STIRLING HOSPITAL,49,SUB ACUTE FACILITIES,0836591,0511012376
FREE STATE,BLOEMFONTEIN,WESTDENE,CNR KELLNER STREET & PARFITT AVENUE 9301,MEDICLINIC BLOEMFONTEIN,58,HOSPITALS - PRIVATE,5808154,0514046113
FREE STATE,BLOEMFONTEIN,WESTDENE,CNR KELLNER STREET & PARFITT AVENUE 9301,MEDICLINIC BLOEMFONTEIN DAY CLINIC,77,CLINICS - DAY SURGERY,0935735,0514046100
FREE STATE,FOURIESBURG,FOURIESBURG,120  SLABBERTSWAG FARM 9725,JERICHO RECOVERY CENTRE,47,DRUG AND ALCOHOL REHABILITATION,0911844,0824930841
FREE STATE,FRANKFORT,FRANKFORT,CNR FRANKFORT & COLLIN STREET 9830,RIEMLAND CLINIC,57,HOSPITALS - PRIVATE,5709105,0588132771
FREE STATE,HARRISMITH,HARRISMITH,CNR VOWE & ALEXANDRA STREET 9880,BUSAMED HARRISMITH PRIVATE HOSPITAL,58,HOSPITALS - PRIVATE,0662186,0586243000
FREE STATE,KROONSTAD,KROONSTAD,18 NORTH ROAD 9499,KROON HOSPITAL,58,HOSPITALS - PRIVATE,5808383,0562151881
FREE STATE,WELKOM,ST HELENA,5 LATEGAN ROAD 9459,WELKOM MEDICAL CENTRE SUB-ACUTE HOSPITAL,49,SUB ACUTE FACILITIES,0512532,0579165653
FREE STATE,WELKOM,WELKOM,1 PETRUS BOSCH STREET 9459,GOLDFIELDS HEALTHCARE (PTY) LTD,49,SUB ACUTE FACILITIES,1060481,0574390022
FREE STATE,WELKOM,WELKOM,MEULEN STREET 9459,MEDICLINIC WELKOM,58,HOSPITALS - PRIVATE,5808758,0579165331
FREE STATE,WELKOM,WELKOM,5 LATEGAN STREET 9459,WELKOM MEDICAL CENTRE DAY HOSPITAL,77,CLINICS - DAY SURGERY,0399337,0573522114
EASTERN CAPE,EAST LONDON,BEACON BAY,32 QUENERA DRIVE 5241,LIFE BEACON BAY HOSPITAL,58,HOSPITALS - PRIVATE,0357669,0860467722
EASTERN CAPE,EAST LONDON,BEREA,72 JARVIS ROAD 5241,LILY KIRCHMANN HOME - SUB ACUTE UNIT,49,SUB ACUTE FACILITIES,0173568,0437212230
EASTERN CAPE,EAST LONDON,EAST LONDON,"8 ST HELENA ROAD, BEACON BAY 5241",CURE DAY HOSPITAL,77,CLINICS - DAY SURGERY,1042262,0410720112
EASTERN CAPE,EAST LONDON,EAST LONDON,32 ALBANY STREET 5200,LIFE EAST LONDON PRIVATE HOSPITAL,58,HOSPITALS - PRIVATE,5808448,0437223128
EASTERN CAPE,EAST LONDON,EAST LONDON,2 FRANKLIN CRESCENT 5201,M & M FIRE T/A THE GOLDEN MILE,49,SUB ACUTE FACILITIES,0765287,0437400302
EASTERN CAPE,EAST LONDON,SOUTHERNWOOD,20 ST JAMES ROAD 5201,EAST LONDON DAY HOSPITAL,77,CLINICS - DAY SURGERY,1031171,0437434334
EASTERN CAPE,EAST LONDON,SOUTHERNWOOD,45 ST MARKS ROAD 5201,LIFE ST DOMINICS HOSPITAL,58,HOSPITALS - PRIVATE,5808294,0437030112
EASTERN CAPE,EAST LONDON,SOUTHERNWOOD,22 ST MARKS ROAD 5201,SANCA CENTAL EASTERN CAPE,47,DRUG AND ALCOHOL REHABILITATION,0057967,0437221210
EASTERN CAPE,EAST LONDON,SOUTHERNWOOD,LIFE ST DOMINIC'S HOSPITAL 38-40 ST MARKS ROAD 5201,ST DOMINICS PHYSICAL REHABILITATION,59,PRIVATE REHAB HOSPITAL (ACUTE),0276359,0437030151
EASTERN CAPE,EAST LONDON,SOUTHERNWOOD,16 ST ANDREWS ROAD 5201,ST MARKS CLINIC,55,MENTAL HEALTH INSTITUTIONS,5500141,0437432408
EASTERN CAPE,EMERALD HILL,CHELSEA,24 OLD SEAVIEW ROAD 6070,STEP AWAY TREATMENT CENTRE,47,DRUG AND ALCOHOL REHABILITATION,0565407,0414670090
EASTERN CAPE,GQEBERHA,GQEBERHA,"205 CAPE ROAD, MILL PARK 6000",ADVANCED MEDICAL FORUM THEATRE,77,CLINICS - DAY SURGERY,1251937,0413730682
EASTERN CAPE,HUMANSDORP,HUMANSDORP,DU PLESSIS STREET 6300,ISIVIVANA PRIVATE HOSPITAL,57,HOSPITALS - PRIVATE,0168386,0422951100
EASTERN CAPE,JEFFREYS BAY,JEFFREYS BAY,WONDERBOOM CRESCENT 6330,EEDENGLEN SUB-ACUTE FACILITY,49,SUB ACUTE FACILITIES,0245488,0422960381
EASTERN CAPE,JEFFREYS BAY,JEFFREYS BAY,CNR KORAAL & DOLLY VARDEN STREET 6330,JEFFMED,49,SUB ACUTE FACILITIES,0126594,0422932112
EASTERN CAPE,JEFFREYS BAY,JEFFREYS BAY,"UNIT 54, GARANZIA VILLAS, JEFFREYS BAY 6330",RISE RECOVERY,47,DRUG AND ALCOHOL REHABILITATION,1166964,0647747618
EASTERN CAPE,KAREEDOUW,KAREEDOUW,R62 KAREEDOUW 6400,MOOIUITZICHT TREATMENT CENTRE,47,DRUG AND ALCOHOL REHABILITATION,0682624,0794905042
EASTERN CAPE,MATATIELE,MATATIELE,101 HIGH STREET 4730,MATATIELE PRIVATE HOSPITAL,57,HOSPITALS - PRIVATE,0282820,0397373088
EASTERN CAPE,MOUNT FRERE,NKANGALA,19179 MANDELA PARK SAMORA MACHEL CRESCENT 5780,KWABHACA WELLNESS CENTRE,55,MENTAL HEALTH INSTITUTIONS,0982296,0829203232
EASTERN CAPE,MTHATHA,MTHATHA,30 DURHAM STREET 5100,(CRESTCARE) ST MARY`S PRIVATE HOSPITAL,58,HOSPITALS - PRIVATE,1207709,0634407195
EASTERN CAPE,MTHATHA,MTHATHA,59 NELSON MANDELA DRIVE 5100,CROSS-MED MTHATHA PRIVATE HOSPITAL,57,HOSPITALS - PRIVATE,0553506,0474950600
EASTERN CAPE,MTHATHA,MTHATHA,30 DURHAM STREET 5099,MTHATHA STEP DOWN HOSPITAL,49,SUB ACUTE FACILITIES,1215612,0872934600
EASTERN CAPE,PORT ELIZABETH,CENTRAHIL,40 PARK DRIVE 6001,ST GEORGES HOSPITAL,58,HOSPITALS - PRIVATE,5807972,0413926034
EASTERN CAPE,PORT ELIZABETH,CENTRAL,22 PARK DRIVE 6001,HUNTERSCRAIG PSYCHIATRIC HOSPITAL,55,MENTAL HEALTH INSTITUTIONS,5500168,0415862664
EASTERN CAPE,PORT ELIZABETH,GQEBERHA,144 MAIN ROAD WARMER 6070,AKESO PORT ELIZABETH,55,MENTAL HEALTH INSTITUTIONS,1095986,0113010000
EASTERN CAPE,PORT ELIZABETH,KORSTEN,CNR KEMPSTON & DURBAN ROAD 6020,NEW MERCANTILE HOSPITAL,58,HOSPITALS - PRIVATE,5808626,0414012805
EASTERN CAPE,PORT ELIZABETH,PORT ELIZABETH,24 BIRD STREET 6001,NURTURE SUNNYSIDE (PTY) LTD,55,MENTAL HEALTH INSTITUTIONS,0787647,0414508206
EASTERN CAPE,PORT ELIZABETH,ST ALBANS,PLOT 17 RIETKUIL ROAD 6001,SHEPHERD'S FIELD KIBBUTZ,47,DRUG AND ALCOHOL REHABILITATION,0261793,0538025318
EASTERN CAPE,PORT ELIZABETH,WALMER,300 MAIN ROAD 6070,WELBEDACHT THERAPEUTIC CENTRE,47,DRUG AND ALCOHOL REHABILITATION,0051586,0413674276
EASTERN CAPE,PORT ELIZABETH,PORT ELIZABETH,241 MAIN ROAD 6070,BAY EYE HOSPITAL,77,CLINICS - DAY SURGERY,1152440,0760702515
EASTERN CAPE,PORT ELIZABETH,WALMER DOWNS,52 ALAN DRIVE 6070,AURORA HOSPITAL (PHYSICAL REHABILITATION),59,PRIVATE REHAB HOSPITAL (ACUTE),0631264,0413687285
EASTERN CAPE,QUEENSTOWN,QUEENSTOWN,CNR EBDEN & GRIFFITH STREET 5319,LIFE QUEENSTOWN PRIVATE HOSPITAL,57,HOSPITALS - PRIVATE,5709156,0458084500
EASTERN CAPE,QUEENSTOWN,WESTBOURNE,LOWER KING EDWARD ROAD 5319,CARE CURE QUEENSTOWN (PTY) LTD,57,HOSPITALS - PRIVATE,0699942,0458384723
EASTERN CAPE,SOMERSET EAST,SOMERSET EAST,6 BELL STREET 5850,SOMERSET EAST CARE AND CURE UNIT,49,SUB ACUTE FACILITIES,1095188,0832621254
EASTERN CAPE,SOUTHERNWOOD,SOUTHERNWOOD,36 ST JAMES ROAD 5201,LIFE ST JAMES DAY HOSPITAL,77,CLINICS - DAY SURGERY,1155598,0437229685
EASTERN CAPE,ST FRANCIS BAY,SEA VISTA,6 DIANA CRESCENT 6312,OCEAN BAY RECOVERY,47,DRUG AND ALCOHOL REHABILITATION,1118846,0429400606
EASTERN CAPE,UITENHAGE,UITENHAGE,34 CUYLER STREET 6229,CUYLER CLINIC,58,HOSPITALS - PRIVATE,5808642,0419959000
